,idTurma,matricula,ano,idAluno,notaProva1,questoesFeitasProva1,quantidadeProva1,tituloProva1,notaProva2,questoesFeitasProva2,quantidadeProva2,tituloProva2,mediaProvas,situacao,qsub1,qsub2,qsub3,qsub4,qsub5,qsubp1,qsubp2,totalsub,igualACeml123,igualACeml45
0,598e15296d8650eb27d52e3d,20170096736.0,2017.2,5991cd63b3c8b42f3d5da402,24.0,3.0,5.0,Prova 1 - Turma 01 - 2017.2,61.0,4.0,6.0,Prova 2 - Turma 01 - 2017.2,42.5,0,18,15,13,27,7,46,34,80,29,32
1,598e15296d8650eb27d52e3d,20170039453.0,2017.2,5991cb910be9d42f2f68b906,72.0,5.0,5.0,Prova 1 - Turma 01 - 2017.2,16.666666666666668,1.0,6.0,Prova 2 - Turma 01 - 2017.2,44.333333333333336,0,7,14,10,13,16,31,29,60,31,29
2,598e15296d8650eb27d52e3d,20170036513.0,2017.2,599b050710b11c07650122e7,36.0,4.0,5.0,Prova 1 - Turma 01 - 2017.2,0.0,0.0,0.0,0,18.0,0,1,5,3,4,6,9,10,19,9,10
3,598e15296d8650eb27d52e3d,20170034555.0,2017.2,599b0509872c0a078b68b140,4.0,4.0,5.0,Prova 1 - Turma 01 - 2017.2,38.833333333333336,4.0,6.0,Prova 2 - Turma 01 - 2017.2,21.416666666666668,0,2,6,8,7,3,16,10,26,15,10
4,598e15296d8650eb27d52e3d,20170109100.0,2017.2,599b0513495fac076a06d3f4,16.0,5.0,5.0,Prova 1 - Turma 01 - 2017.2,77.66666666666667,6.0,6.0,Prova 2 - Turma 01 - 2017.2,46.833333333333336,0,1,12,7,7,11,20,18,38,18,18
5,598e15296d8650eb27d52e3d,20170106538.0,2017.2,599b051d495fac076a06d3f5,52.0,5.0,5.0,Prova 1 - Turma 01 - 2017.2,0.0,1.0,6.0,Prova 2 - Turma 01 - 2017.2,26.0,0,3,15,6,3,7,24,10,34,19,7
6,598e15296d8650eb27d52e3d,20170097214.0,2017.2,599b051f10b11c07650122e8,76.0,5.0,5.0,Prova 1 - Turma 01 - 2017.2,0.0,0.0,0.0,0,38.0,0,2,8,7,5,5,17,10,27,16,10
7,598e15296d8650eb27d52e3d,20170039972.0,2017.2,599b0522495fac076a06d3f6,24.0,4.0,5.0,Prova 1 - Turma 01 - 2017.2,16.666666666666668,5.0,6.0,Prova 2 - Turma 01 - 2017.2,20.333333333333336,0,4,12,4,13,14,20,27,47,12,17
8,598e15296d8650eb27d52e3d,20170032274.0,2017.2,599b053410b11c07650122e9,32.0,4.0,5.0,Prova 1 - Turma 01 - 2017.2,77.66666666666667,6.0,6.0,Prova 2 - Turma 01 - 2017.2,54.833333333333336,1,1,6,8,21,10,15,31,46,13,16
9,598e15296d8650eb27d52e3d,20170036872.0,2017.2,599b053e495fac076a06d3f7,60.0,5.0,5.0,Prova 1 - Turma 01 - 2017.2,5.5,6.0,6.0,Prova 2 - Turma 01 - 2017.2,32.75,0,6,20,7,6,4,33,10,43,29,10
10,598e15296d8650eb27d52e3d,20170031473.0,2017.2,599b0563d9b4c2079007acc9,44.0,5.0,5.0,Prova 1 - Turma 01 - 2017.2,38.833333333333336,6.0,6.0,Prova 2 - Turma 01 - 2017.2,41.41666666666667,0,2,15,7,2,2,24,4,28,23,2
11,598e15296d8650eb27d52e3d,20170033674.0,2017.2,599b05cbd9b4c2079007acca,24.0,4.0,5.0,Prova 1 - Turma 01 - 2017.2,0.0,4.0,6.0,Prova 2 - Turma 01 - 2017.2,12.0,0,1,10,5,8,11,16,19,35,10,18
12,598e15296d8650eb27d52e3d,20170038797.0,2017.2,599b0644d9b4c2079007accb,72.0,5.0,5.0,Prova 1 - Turma 01 - 2017.2,33.333333333333336,2.0,6.0,Prova 2 - Turma 01 - 2017.2,52.66666666666667,1,6,31,8,5,11,45,16,61,41,16
13,598e15296d8650eb27d52e3d,2015092933.0,2017.2,59a4469b7945f2466395b614,40.0,4.0,5.0,Prova 1 - Turma 01 - 2017.2,0.0,1.0,6.0,Prova 2 - Turma 01 - 2017.2,20.0,0,2,12,5,2,3,19,5,24,19,3
14,598e15296d8650eb27d52e3d,20170095050.0,2017.2,59ad7dad1ec9d13cacb45d4f,48.0,5.0,5.0,Prova 1 - Turma 01 - 2017.2,94.33333333333331,6.0,6.0,Prova 2 - Turma 01 - 2017.2,71.16666666666666,1,2,7,11,6,10,20,16,36,20,13
15,598e15296d8650eb27d52e3d,20170044776.0,2017.2,5991cd76b3c8b42f3d5da404,36.0,3.0,5.0,Prova 1 - Turma 01 - 2017.2,22.0,4.0,6.0,Prova 2 - Turma 01 - 2017.2,29.0,0,2,1,2,3,1,5,4,9,5,4
16,598e15296d8650eb27d52e3d,20170043939.0,2017.2,599b0504872c0a078b68b13f,52.0,4.0,5.0,Prova 1 - Turma 01 - 2017.2,0.0,0.0,0.0,0,26.0,0,5,18,7,9,8,30,17,47,28,17
17,598e15296d8650eb27d52e5f,20170038993.0,2017.2,59a4411fd8f6c93e2366456e,88.0,5.0,5.0,Prova 1 - Turma 01 - 2017.2,83.33333333333333,5.0,6.0,Prova 2 - Turma 01 - 2017.2,85.66666666666666,1,8,11,11,13,2,30,15,45,30,15
18,598e15296d8650eb27d52e5f,20170001812.0,2017.2,5991cd34b3c8b42f3d5da3fd,88.0,5.0,5.0,Prova 1 - Turma 01 - 2017.2,83.16666666666667,6.0,6.0,Prova 2 - Turma 01 - 2017.2,85.58333333333334,1,5,6,6,6,7,17,13,30,17,13
19,598e15296d8650eb27d52e5f,20170033093.0,2017.2,5991cda50be9d42f2f68b90d,100.0,5.0,5.0,Prova 1 - Turma 01 - 2017.2,83.33333333333333,6.0,6.0,Prova 2 - Turma 01 - 2017.2,91.66666666666666,1,9,19,11,22,9,39,31,70,39,31
20,598e15296d8650eb27d52e5f,20170043394.0,2017.2,5991cd94b3c8b42f3d5da407,84.0,5.0,5.0,Prova 1 - Turma 01 - 2017.2,88.83333333333331,6.0,6.0,Prova 2 - Turma 01 - 2017.2,86.41666666666666,1,4,4,6,4,5,14,9,23,14,9
21,598e15296d8650eb27d52e5f,20170035632.0,2017.2,5991cd8fb3c8b42f3d5da406,24.0,5.0,5.0,Prova 1 - Turma 01 - 2017.2,16.5,6.0,6.0,Prova 2 - Turma 01 - 2017.2,20.25,0,3,5,6,4,5,14,9,23,14,9
22,598e15296d8650eb27d52e5f,20170033950.0,2017.2,5991cd8e8907ca2f441cd316,56.0,4.0,5.0,Prova 1 - Turma 01 - 2017.2,94.33333333333331,6.0,6.0,Prova 2 - Turma 01 - 2017.2,75.16666666666666,1,3,18,12,13,10,33,23,56,32,23
23,598e15296d8650eb27d52e5f,20170033772.0,2017.2,5991cd870be9d42f2f68b90c,92.0,5.0,5.0,Prova 1 - Turma 01 - 2017.2,100.0,6.0,6.0,Prova 2 - Turma 01 - 2017.2,96.0,1,7,17,13,12,13,37,25,62,33,25
24,598e15296d8650eb27d52e5f,20170099110.0,2017.2,5991cd65b3c8b42f3d5da403,16.0,3.0,5.0,Prova 1 - Turma 01 - 2017.2,0.0,6.0,6.0,Prova 2 - Turma 01 - 2017.2,8.0,0,9,29,17,15,5,55,20,75,49,20
25,598e15296d8650eb27d52e5f,20170030832.0,2017.2,5991cd640be9d42f2f68b90a,92.0,5.0,5.0,Prova 1 - Turma 01 - 2017.2,100.0,6.0,6.0,Prova 2 - Turma 01 - 2017.2,96.0,1,5,11,8,8,16,24,24,48,24,22
26,598e15296d8650eb27d52e5f,20170035356.0,2017.2,5991cd520be9d42f2f68b908,60.0,5.0,5.0,Prova 1 - Turma 01 - 2017.2,94.33333333333331,6.0,6.0,Prova 2 - Turma 01 - 2017.2,77.16666666666666,1,8,4,5,3,4,17,7,24,17,7
27,598e15296d8650eb27d52e5f,20170031393.0,2017.2,5991cd490be9d42f2f68b907,20.0,4.0,5.0,Prova 1 - Turma 01 - 2017.2,0.0,6.0,6.0,Prova 2 - Turma 01 - 2017.2,10.0,0,6,5,4,2,4,15,6,21,15,6
28,598e15296d8650eb27d52e5f,20170031419.0,2017.2,5991cd483c13e92f349ee47b,80.0,5.0,5.0,Prova 1 - Turma 01 - 2017.2,88.66666666666669,6.0,6.0,Prova 2 - Turma 01 - 2017.2,84.33333333333334,1,4,4,3,4,13,11,17,28,8,14
29,598e15296d8650eb27d52e5f,20170035211.0,2017.2,5991cd3c3c13e92f349ee47a,20.0,4.0,5.0,Prova 1 - Turma 01 - 2017.2,44.33333333333334,6.0,6.0,Prova 2 - Turma 01 - 2017.2,32.16666666666667,0,5,9,1,4,3,15,7,22,9,4
30,598e15296d8650eb27d52e5f,20170043590.0,2017.2,5991cd39b3c8b42f3d5da3ff,0.0,5.0,5.0,Prova 1 - Turma 01 - 2017.2,0.0,0.0,0.0,0,0.0,0,5,8,1,2,1,14,3,17,13,3
31,598e15296d8650eb27d52e5f,20170102735.0,2017.2,5991cd37b3c8b42f3d5da3fe,32.0,5.0,5.0,Prova 1 - Turma 01 - 2017.2,33.333333333333336,5.0,6.0,Prova 2 - Turma 01 - 2017.2,32.66666666666667,0,3,9,1,4,6,13,10,23,9,8
32,598e15296d8650eb27d52e5f,20170043133.0,2017.2,5991ce280be9d42f2f68b911,64.0,5.0,5.0,Prova 1 - Turma 01 - 2017.2,77.66666666666667,6.0,6.0,Prova 2 - Turma 01 - 2017.2,70.83333333333334,1,6,11,5,7,6,22,13,35,22,10
33,598e15296d8650eb27d52e5f,20170033057.0,2017.2,5991cd6e3c13e92f349ee47d,36.0,5.0,5.0,Prova 1 - Turma 01 - 2017.2,11.0,5.0,6.0,Prova 2 - Turma 01 - 2017.2,23.5,0,3,5,3,1,16,11,17,28,10,11
34,598e15296d8650eb27d52e83,20160108261.0,2017.2,5991e8268907ca2f441cd3d2,96.0,5.0,5.0,Prova 1 - Turma 01 - 2017.2,0.0,2.0,6.0,Prova 2 - Turma 01 - 2017.2,48.0,0,2,7,4,1,1,13,2,15,13,2
35,598e15296d8650eb27d52e83,20170030476.0,2017.2,599b1d9b10b11c0765012372,60.0,5.0,5.0,Prova 1 - Turma 01 - 2017.2,0.0,0.0,0.0,0,30.0,0,6,5,11,3,5,22,8,30,17,8
36,598e15296d8650eb27d52e83,20170030618.0,2017.2,599b1d5f495fac076a06d47a,64.0,5.0,5.0,Prova 1 - Turma 01 - 2017.2,100.0,6.0,6.0,Prova 2 - Turma 01 - 2017.2,82.0,1,3,17,13,7,15,33,22,55,33,22
37,598e15296d8650eb27d52ea4,20170033235.0,2017.2,5991e8bcb3c8b42f3d5da488,36.0,5.0,5.0,Prova 1 - Turma 01 - 2017.2,11.0,4.0,6.0,Prova 2 - Turma 01 - 2017.2,23.5,0,4,5,4,5,7,13,12,25,13,12
38,598e15296d8650eb27d52ea4,20170032096.0,2017.2,5991e8fb3c13e92f349ee500,96.0,5.0,5.0,Prova 1 - Turma 01 - 2017.2,77.66666666666667,5.0,6.0,Prova 2 - Turma 01 - 2017.2,86.83333333333334,1,5,18,9,13,7,32,20,52,32,18
39,598e15296d8650eb27d52ea4,20170031052.0,2017.2,5991e7038907ca2f441cd3ce,100.0,5.0,5.0,Prova 1 - Turma 01 - 2017.2,100.0,6.0,6.0,Prova 2 - Turma 01 - 2017.2,100.0,1,6,20,5,3,5,31,8,39,31,8
40,598e15296d8650eb27d52ea4,20170043035.0,2017.2,59a45a767945f2466395b740,28.0,5.0,5.0,Prova 1 - Turma 01 - 2017.2,33.333333333333336,6.0,6.0,Prova 2 - Turma 01 - 2017.2,30.666666666666668,0,7,15,7,7,3,29,10,39,26,6
41,598e15296d8650eb27d52ea4,20170030556.0,2017.2,5991e6b2b3c8b42f3d5da485,44.0,4.0,5.0,Prova 1 - Turma 01 - 2017.2,77.66666666666667,6.0,6.0,Prova 2 - Turma 01 - 2017.2,60.833333333333336,1,8,7,4,1,3,19,4,23,15,4
42,598e15296d8650eb27d52ea4,20170044650.0,2017.2,5991e6ccb3c8b42f3d5da486,20.0,3.0,5.0,Prova 1 - Turma 01 - 2017.2,0.0,2.0,6.0,Prova 2 - Turma 01 - 2017.2,10.0,0,9,6,5,10,4,20,14,34,19,12
43,598e15296d8650eb27d52ea4,20170044650.0,2017.2,5991e6ccb3c8b42f3d5da486,20.0,3.0,5.0,Prova 1 - Turma 01 - 2017.2,90.0,5.0,5.0,Prova 2 - Turmas 3C e 3D - 2018.1,55.0,1,9,6,5,10,4,20,14,34,19,12
44,5adffd8c59a2a54c937079ef,20170044650.0,2018.1,5991e6ccb3c8b42f3d5da486,83.0,5.0,5.0,Prova 1 - Turma 3C e 3D,0.0,2.0,6.0,Prova 2 - Turma 01 - 2017.2,41.5,0,9,6,5,10,4,20,14,34,19,12
45,5adffd8c59a2a54c937079ef,20170044650.0,2018.1,5991e6ccb3c8b42f3d5da486,83.0,5.0,5.0,Prova 1 - Turma 3C e 3D,90.0,5.0,5.0,Prova 2 - Turmas 3C e 3D - 2018.1,86.5,1,9,6,5,10,4,20,14,34,19,12
46,598e15296d8650eb27d52ea4,20170040552.0,2017.2,5991cd700be9d42f2f68b90b,12.0,2.0,5.0,Prova 1 - Turma 01 - 2017.2,11.0,1.0,6.0,Prova 2 - Turma 01 - 2017.2,11.5,0,12,10,3,17,4,25,21,46,23,7
47,598e15296d8650eb27d52ea4,20170034573.0,2017.2,5991e6f58907ca2f441cd3cd,28.0,5.0,5.0,Prova 1 - Turma 01 - 2017.2,16.666666666666668,4.0,6.0,Prova 2 - Turma 01 - 2017.2,22.333333333333336,0,11,23,13,8,5,47,13,60,28,9
48,598e15296d8650eb27d52ea4,20170035777.0,2017.2,5999c669aa6c19020665d5f6,24.0,4.0,5.0,Prova 1 - Turma 01 - 2017.2,0.0,0.0,0.0,0,12.0,0,7,11,11,5,7,29,12,41,29,12
49,598e15296d8650eb27d52ea4,20170035697.0,2017.2,5991e8a50be9d42f2f68b988,92.0,5.0,5.0,Prova 1 - Turma 01 - 2017.2,94.33333333333331,6.0,6.0,Prova 2 - Turma 01 - 2017.2,93.16666666666666,1,10,21,17,23,6,48,29,77,46,26
50,598e15296d8650eb27d52ea4,20170095579.0,2017.2,5991e83c8907ca2f441cd3d3,44.0,5.0,5.0,Prova 1 - Turma 01 - 2017.2,5.5,6.0,6.0,Prova 2 - Turma 01 - 2017.2,24.75,0,10,9,3,2,2,22,4,26,18,4
51,598e15296d8650eb27d52ea4,20170036219.0,2017.2,5991e6f90be9d42f2f68b986,100.0,5.0,5.0,Prova 1 - Turma 01 - 2017.2,94.33333333333331,6.0,6.0,Prova 2 - Turma 01 - 2017.2,97.16666666666666,1,3,5,2,3,5,10,8,18,10,8
52,59a3ff27e1cd2047bee7da71,20170030959.0,2017.2,59b913456d479d4092d25dde,0.0,1.0,1.0,"Questão 2, Prova 1 - Prof. Rummenigge",80.0,5.0,5.0,Prova 2 - Turmas 2C e 2D - 2018.1,40.0,0,6,3,5,5,7,14,12,26,12,3
53,5add873c651f043c5772314d,20170030959.0,2018.1,59b913456d479d4092d25dde,70.0,5.0,5.0,Prova 1 - Turma 2C e 2D,80.0,5.0,5.0,Prova 2 - Turmas 2C e 2D - 2018.1,75.0,1,6,3,5,5,7,14,12,26,12,3
54,59a3ff27e1cd2047bee7da71,20170031197.0,2017.2,59ad93041ec9d13cacb45e36,0.0,1.0,1.0,"Questão 2, Prova 1 - Prof. Rummenigge",8.0,5.0,5.0,Prova 2 - Turmas 3C e 3D - 2018.1,4.0,0,10,2,3,1,3,15,4,19,10,3
55,59a3ff27e1cd2047bee7da71,20170031197.0,2017.2,59ad93041ec9d13cacb45e36,0.0,1.0,1.0,"Questão 2, Prova 1 - Prof. Rummenigge",8.0,5.0,5.0,Prova 2 - Turmas 3C e 3D - 2018.1,4.0,0,10,2,3,1,3,15,4,19,10,3
56,59a3ff27e1cd2047bee7da71,20170031197.0,2017.2,59ad93041ec9d13cacb45e36,0.0,1.0,1.0,"Questão 2, Prova 1 - Prof. Rummenigge",0.0,3.0,3.0,Prova 2 - Turma A e B - 2018.2,0.0,0,10,2,3,1,3,15,4,19,10,3
57,5adffd8c59a2a54c937079ef,20170031197.0,2018.1,59ad93041ec9d13cacb45e36,3.2,5.0,5.0,Prova 1 - Turmas 3A e 3B,8.0,5.0,5.0,Prova 2 - Turmas 3C e 3D - 2018.1,5.6,0,10,2,3,1,3,15,4,19,10,3
58,5adffd8c59a2a54c937079ef,20170031197.0,2018.1,59ad93041ec9d13cacb45e36,3.2,5.0,5.0,Prova 1 - Turmas 3A e 3B,8.0,5.0,5.0,Prova 2 - Turmas 3C e 3D - 2018.1,5.6,0,10,2,3,1,3,15,4,19,10,3
59,5adffd8c59a2a54c937079ef,20170031197.0,2018.1,59ad93041ec9d13cacb45e36,3.2,5.0,5.0,Prova 1 - Turmas 3A e 3B,0.0,3.0,3.0,Prova 2 - Turma A e B - 2018.2,1.6,0,10,2,3,1,3,15,4,19,10,3
60,5ae079cd5c7ccb1a0c9f6043,20170031197.0,2018.1,59ad93041ec9d13cacb45e36,3.2,5.0,5.0,Prova 1 - Turmas 3A e 3B,8.0,5.0,5.0,Prova 2 - Turmas 3C e 3D - 2018.1,5.6,0,10,2,3,1,3,15,4,19,10,3
61,5ae079cd5c7ccb1a0c9f6043,20170031197.0,2018.1,59ad93041ec9d13cacb45e36,3.2,5.0,5.0,Prova 1 - Turmas 3A e 3B,8.0,5.0,5.0,Prova 2 - Turmas 3C e 3D - 2018.1,5.6,0,10,2,3,1,3,15,4,19,10,3
62,5ae079cd5c7ccb1a0c9f6043,20170031197.0,2018.1,59ad93041ec9d13cacb45e36,3.2,5.0,5.0,Prova 1 - Turmas 3A e 3B,0.0,3.0,3.0,Prova 2 - Turma A e B - 2018.2,1.6,0,10,2,3,1,3,15,4,19,10,3
63,5ba99055463cb731d4510cba,20170031197.0,2018.2,59ad93041ec9d13cacb45e36,0.0,2.0,3.0,Prova 1 - T02 - 2018.2,8.0,5.0,5.0,Prova 2 - Turmas 3C e 3D - 2018.1,4.0,0,10,2,3,1,3,15,4,19,10,3
64,5ba99055463cb731d4510cba,20170031197.0,2018.2,59ad93041ec9d13cacb45e36,0.0,2.0,3.0,Prova 1 - T02 - 2018.2,8.0,5.0,5.0,Prova 2 - Turmas 3C e 3D - 2018.1,4.0,0,10,2,3,1,3,15,4,19,10,3
65,5ba99055463cb731d4510cba,20170031197.0,2018.2,59ad93041ec9d13cacb45e36,0.0,2.0,3.0,Prova 1 - T02 - 2018.2,0.0,3.0,3.0,Prova 2 - Turma A e B - 2018.2,0.0,0,10,2,3,1,3,15,4,19,10,3
66,59a3ff30e1cd2047bee7da7b,20160146191.0,2017.2,59a466624e04554853a55dac,0.0,1.0,1.0,"Questão 2, Prova 1 - Prof. Rummenigge",0.0,1.0,1.0,Prova Rummenigge - 2ª Unidade,0.0,0,4,5,7,5,14,16,19,35,11,17
67,59a3ff30e1cd2047bee7da7b,20160146191.0,2017.2,59a466624e04554853a55dac,0.0,1.0,1.0,"Questão 2, Prova 1 - Prof. Rummenigge",0.0,5.0,5.0,Prova 2 - Turmas 2A e 2B - 2018.1,0.0,0,4,5,7,5,14,16,19,35,11,17
68,5add8153651f043c57723142,20160146191.0,2018.1,59a466624e04554853a55dac,34.2,5.0,5.0,Prova 1 - Turma 2A e 2B,0.0,1.0,1.0,Prova Rummenigge - 2ª Unidade,17.1,0,4,5,7,5,14,16,19,35,11,17
69,5add8153651f043c57723142,20160146191.0,2018.1,59a466624e04554853a55dac,34.2,5.0,5.0,Prova 1 - Turma 2A e 2B,0.0,5.0,5.0,Prova 2 - Turmas 2A e 2B - 2018.1,17.1,0,4,5,7,5,14,16,19,35,11,17
70,59a3ff30e1cd2047bee7da7b,20170034410.0,2017.2,5991e7253c13e92f349ee4fe,100.0,1.0,1.0,"Questão 2, Prova 1 - Prof. Rummenigge",100.0,1.0,1.0,Prova Rummenigge - 2ª Unidade,100.0,1,4,12,3,1,3,19,4,23,19,4
71,59c7cd0a2a9f7f114be24459,20170033816.0,2017.2,59c15b477dff4829e043cd6d,10.0,5.0,5.0,Prova 1 - Turma 03 - 2017.2,82.6,5.0,5.0,Segunda Prova,46.3,0,1,7,6,8,9,14,17,31,14,17
72,59c7cd0a2a9f7f114be24459,20170038358.0,2017.2,59c15b413a726429dba26634,20.0,3.0,5.0,Prova 1 - Turma 03 - 2017.2,86.6,5.0,5.0,Segunda Prova,53.3,1,7,9,9,6,11,25,17,42,21,14
73,59c7cd0a2a9f7f114be24459,20170035516.0,2017.2,59c15b3c7dff4829e043cd6b,40.0,5.0,5.0,Prova 1 - Turma 03 - 2017.2,93.2,5.0,5.0,Segunda Prova,66.6,1,6,13,7,14,11,26,25,51,24,22
74,59c7cd0a2a9f7f114be24459,20160141847.0,2017.2,59c15b297dff4829e043cd6a,0.0,5.0,5.0,Prova 1 - Turma 03 - 2017.2,0.0,5.0,5.0,Segunda Prova,0.0,0,5,9,2,6,14,16,20,36,7,7
75,59c7cd0a2a9f7f114be24459,20160141847.0,2017.2,59c15b297dff4829e043cd6a,0.0,5.0,5.0,Prova 1 - Turma 03 - 2017.2,0.0,5.0,5.0,Segunda Prova,0.0,0,5,9,2,6,14,16,20,36,7,7
76,59c7cd0a2a9f7f114be24459,20160141847.0,2017.2,59c15b297dff4829e043cd6a,0.0,5.0,5.0,Prova 1 - Turma 03 - 2017.2,50.0,1.0,2.0,Prova 2 - Lab - Lop - 2018.1 - Rummenigge e Aquiles,25.0,0,5,9,2,6,14,16,20,36,7,7
77,59c7cd0a2a9f7f114be2448e,20160141847.0,2017.2,59c15b297dff4829e043cd6a,0.0,5.0,5.0,Prova 1 - Turma 03 - 2017.2,0.0,5.0,5.0,Segunda Prova,0.0,0,5,9,2,6,14,16,20,36,7,7
78,59c7cd0a2a9f7f114be2448e,20160141847.0,2017.2,59c15b297dff4829e043cd6a,0.0,5.0,5.0,Prova 1 - Turma 03 - 2017.2,0.0,5.0,5.0,Segunda Prova,0.0,0,5,9,2,6,14,16,20,36,7,7
79,59c7cd0a2a9f7f114be2448e,20160141847.0,2017.2,59c15b297dff4829e043cd6a,0.0,5.0,5.0,Prova 1 - Turma 03 - 2017.2,50.0,1.0,2.0,Prova 2 - Lab - Lop - 2018.1 - Rummenigge e Aquiles,25.0,0,5,9,2,6,14,16,20,36,7,7
80,59c7cd0a2a9f7f114be24459,20170033932.0,2017.2,59c15b8a3a726429dba26637,10.0,3.0,5.0,Prova 1 - Turma 03 - 2017.2,100.0,5.0,5.0,Segunda Prova,55.0,1,1,8,6,4,6,15,10,25,15,10
81,59c7cd0a2a9f7f114be24474,20170039435.0,2017.2,59c15ba03a726429dba26638,25.0,5.0,5.0,Prova 1 - Turma 03 - 2017.2,40.0,5.0,5.0,Segunda Prova,32.5,0,1,6,2,7,13,9,20,29,8,16
82,59c7cd0a2a9f7f114be24474,20170034493.0,2017.2,59c15b393a726429dba26632,28.2,3.0,5.0,Prova 1 - Turma 03 - 2017.2,20.0,2.0,5.0,Segunda Prova,24.1,0,3,17,10,7,14,30,21,51,29,21
83,59c7cd0a2a9f7f114be24474,20170034493.0,2017.2,59c15b393a726429dba26632,28.2,3.0,5.0,Prova 1 - Turma 03 - 2017.2,83.33333333333333,3.0,3.0,Prova 2 - Turma C e D - 2018.2,55.766666666666666,1,3,17,10,7,14,30,21,51,29,21
84,5ba9a020463cb731d4510d0e,20170034493.0,2018.2,59c15b393a726429dba26632,88.66666666666669,3.0,3.0,Prova 1 - Turma 2D - 2018.2,20.0,2.0,5.0,Segunda Prova,54.33333333333334,1,3,17,10,7,14,30,21,51,29,21
85,5ba9a020463cb731d4510d0e,20170034493.0,2018.2,59c15b393a726429dba26632,88.66666666666669,3.0,3.0,Prova 1 - Turma 2D - 2018.2,83.33333333333333,3.0,3.0,Prova 2 - Turma C e D - 2018.2,86.0,1,3,17,10,7,14,30,21,51,29,21
86,59c7cd0a2a9f7f114be24474,2016020670.0,2017.2,59c15b4f3a726429dba26635,0.0,2.0,5.0,Prova 1 - Turma 03 - 2017.2,50.0,3.0,4.0,Prova 2 - Turmas 3C e 3D - 2018.2,25.0,0,6,4,10,9,2,20,11,31,9,1
87,5b7b01fdb50b33674989816f,2016020670.0,2018.2,59c15b4f3a726429dba26635,95.0,4.0,4.0,Prova 1 - Turma 3C - 2018.2,50.0,3.0,4.0,Prova 2 - Turmas 3C e 3D - 2018.2,72.5,1,6,4,10,9,2,20,11,31,9,1
88,59c7cd0a2a9f7f114be24474,20170038732.0,2017.2,59c96f42db4d4443c4f01484,0.0,5.0,5.0,Prova 1 - Turma 03 - 2017.2,0.0,5.0,5.0,Segunda Prova,0.0,0,9,24,18,18,9,51,27,78,49,25
89,59c7cd0a2a9f7f114be24474,20170038732.0,2017.2,59c96f42db4d4443c4f01484,0.0,5.0,5.0,Prova 1 - Turma 03 - 2017.2,46.6,4.0,5.0,Prova 02 - Turmas 3A e 3B - 2018.1,23.3,0,9,24,18,18,9,51,27,78,49,25
90,5ae078b65c7ccb1a0c9f6042,20170038732.0,2018.1,59c96f42db4d4443c4f01484,66.4,5.0,5.0,Prova 1 - Turmas 3A e 3B,0.0,5.0,5.0,Segunda Prova,33.2,0,9,24,18,18,9,51,27,78,49,25
91,5ae078b65c7ccb1a0c9f6042,20170038732.0,2018.1,59c96f42db4d4443c4f01484,66.4,5.0,5.0,Prova 1 - Turmas 3A e 3B,46.6,4.0,5.0,Prova 02 - Turmas 3A e 3B - 2018.1,56.5,1,9,24,18,18,9,51,27,78,49,25
92,5acc1380ba70ee4089836fec,20170043296.0,2018.1,5a9d3d04a6925304242372eb,34.2,2.0,5.0,Prova 1 - Turma 2A e 2B,31.6,4.0,5.0,Prova 2 - Turmas 2A e 2B - 2018.1,32.900000000000006,0,8,10,8,5,3,26,8,34,23,8
93,5acc1380ba70ee4089836fec,20170116641.0,2018.1,5aa68f91a7761c041bc627bb,40.0,2.0,5.0,Prova 1 - Turma 2A e 2B,100.0,5.0,5.0,Prova 2 - Turmas 2A e 2B - 2018.1,70.0,1,6,6,3,1,4,15,5,20,14,5
94,5acc1380ba70ee4089836fec,20170039678.0,2018.1,5a9d3cf6e293ba040bc7da2b,100.0,5.0,5.0,Prova 1 - Turma 2A e 2B,88.0,5.0,5.0,Prova 2 - Turmas 2A e 2B - 2018.1,94.0,1,13,9,12,4,6,34,10,44,32,10
95,5acc1380ba70ee4089836fec,20180007785.0,2018.1,5a9d3cb9a6925304242372ea,94.2,5.0,5.0,Prova 1 - Turma 2A e 2B,100.0,5.0,5.0,Prova 2 - Turmas 2A e 2B - 2018.1,97.1,1,7,3,4,3,2,14,5,19,14,5
96,5add8153651f043c57723142,2016018995.0,2018.1,5aa66f19f9299004205227a3,6.6,5.0,5.0,Prova 1 - Turma 2A e 2B,0.0,3.0,5.0,Prova 02 - Turmas 3A e 3B - 2018.1,3.3,0,9,12,7,4,11,28,15,43,28,15
97,5add8153651f043c57723142,2016018995.0,2018.1,5aa66f19f9299004205227a3,6.6,5.0,5.0,Prova 1 - Turma 2A e 2B,0.0,3.0,5.0,Prova 02 - Turmas 3A e 3B - 2018.1,3.3,0,9,12,7,4,11,28,15,43,28,15
98,5ae078b65c7ccb1a0c9f6042,2016018995.0,2018.1,5aa66f19f9299004205227a3,6.6,5.0,5.0,Prova 1 - Turma 2A e 2B,0.0,3.0,5.0,Prova 02 - Turmas 3A e 3B - 2018.1,3.3,0,9,12,7,4,11,28,15,43,28,15
99,5ae078b65c7ccb1a0c9f6042,2016018995.0,2018.1,5aa66f19f9299004205227a3,6.6,5.0,5.0,Prova 1 - Turma 2A e 2B,0.0,3.0,5.0,Prova 02 - Turmas 3A e 3B - 2018.1,3.3,0,9,12,7,4,11,28,15,43,28,15
100,5add8153651f043c57723142,2015011210.0,2018.1,5a9d3c946e994c04109f0383,25.0,3.0,5.0,Prova 1 - Turma 2A e 2B,60.0,4.0,5.0,Prova 2 - Turmas 2A e 2B - 2018.1,42.5,0,7,9,8,13,7,24,20,44,19,20
101,5add8153651f043c57723142,20170118360.0,2018.1,5aa66f13f9299004205227a2,78.2,5.0,5.0,Prova 1 - Turma 2A e 2B,100.0,5.0,5.0,Prova 2 - Turmas 2A e 2B - 2018.1,89.1,1,7,13,12,7,5,32,12,44,32,12
102,5add8153651f043c57723142,20180088012.0,2018.1,5aa68f73baa69604102c7428,20.0,3.0,5.0,Prova 1 - Turma 2A e 2B,0.0,0.0,0.0,0,10.0,0,63,57,23,12,56,143,68,211,74,30
103,5add8502651f043c57723147,20170117620.0,2018.1,5a9d5355e293ba040bc7da3f,90.0,5.0,5.0,Prova 1 - Turma 2C e 2D,100.0,5.0,5.0,Prova 2 - Turmas 2C e 2D - 2018.1,95.0,1,8,13,11,6,8,32,14,46,32,14
104,5add8502651f043c57723147,20170116140.0,2018.1,5aa694cb6a77db040b660ff8,80.0,5.0,5.0,Prova 1 - Turma 2C e 2D,50.0,5.0,5.0,Prova 2 - Turma 1 AB,65.0,1,23,24,23,28,11,70,39,109,62,38
105,5b8037188d6212588658e570,20170116140.0,2018.2,5aa694cb6a77db040b660ff8,72.0,5.0,5.0,Prova 1 - Turma 1 AB,50.0,5.0,5.0,Prova 2 - Turma 1 AB,61.0,1,23,24,23,28,11,70,39,109,62,38
106,5add8502651f043c57723147,20170183134.0,2018.1,5a9d53396e994c04109f039b,20.0,2.0,5.0,Prova 1 - Turma 2C e 2D,20.0,4.0,5.0,Prova 2 - Turmas 2C e 2D - 2018.1,20.0,0,8,7,7,5,10,22,15,37,19,15
107,5add8502651f043c57723147,20170033075.0,2018.1,5a9d534be293ba040bc7da3e,13.0,3.0,5.0,Prova 1 - Turma 2C e 2D,66.66666666666667,3.0,3.0,Prova 2 - Turma A e B - 2018.2,39.833333333333336,0,5,6,3,3,3,14,6,20,13,6
108,5ba9947f463cb731d4510cda,20170033075.0,2018.2,5a9d534be293ba040bc7da3e,46.66666666666666,3.0,3.0,Prova 1 - T02 - 2018.2,66.66666666666667,3.0,3.0,Prova 2 - Turma A e B - 2018.2,56.666666666666664,1,5,6,3,3,3,14,6,20,13,6
109,5add8502651f043c57723147,20170115484.0,2018.1,5a9d532ea6925304242372f3,29.0,3.0,5.0,Prova 1 - Turma 2C e 2D,0.0,3.0,5.0,Prova 2 - Turmas 2C e 2D - 2018.1,14.5,0,3,5,4,1,5,12,6,18,12,4
110,5add8502651f043c57723147,20170182997.0,2018.1,5a9d5324a6925304242372f2,20.0,5.0,5.0,Prova 1 - Turma 2C e 2D,35.0,5.0,5.0,Prova 2 - Turmas 2C e 2D - 2018.1,27.5,0,3,4,4,7,7,11,14,25,11,10
111,5add8502651f043c57723147,20170138003.0,2018.1,5aa68f9aa7761c041bc627bc,12.0,3.0,5.0,Prova 1 - Turma 2C e 2D,20.0,3.0,5.0,Prova 2 - Turmas 2C e 2D - 2018.1,16.0,0,2,12,3,2,3,17,5,22,14,5
112,5add8502651f043c57723147,20170117380.0,2018.1,5a9d538fe293ba040bc7da45,35.0,5.0,5.0,Prova 1 - Turma 2C e 2D,60.0,3.0,5.0,Prova 2 - Turmas 2C e 2D - 2018.1,47.5,0,6,9,8,5,2,23,7,30,21,7
113,5add8502651f043c57723147,20170037870.0,2018.1,5a9d5388e293ba040bc7da44,39.0,5.0,5.0,Prova 1 - Turma 2C e 2D,70.0,5.0,5.0,Prova 2 - Turmas 2C e 2D - 2018.1,54.5,1,7,12,11,5,3,30,8,38,23,8
114,5add8502651f043c57723147,20170043518.0,2018.1,5a9d5383e293ba040bc7da43,100.0,5.0,5.0,Prova 1 - Turma 2C e 2D,100.0,5.0,5.0,Prova 2 - Turmas 2C e 2D - 2018.1,100.0,1,10,12,13,19,14,35,33,68,33,33
115,5add8502651f043c57723147,20170147361.0,2018.1,5a9d53279d8aa6041b5634d7,41.0,5.0,5.0,Prova 1 - Turma 2C e 2D,45.0,4.0,5.0,Prova 2 - Turmas 2C e 2D - 2018.1,43.0,0,4,22,11,4,2,37,6,43,30,6
116,5add8502651f043c57723147,20170039918.0,2018.1,5a9d535c9d8aa6041b5634da,75.0,4.0,5.0,Prova 1 - Turma 2C e 2D,95.0,5.0,5.0,Prova 2 - Turmas 2C e 2D - 2018.1,85.0,1,13,11,10,8,4,34,12,46,28,11
117,5add8502651f043c57723147,20160115720.0,2018.1,5a9d53686e994c04109f039e,80.0,5.0,5.0,Prova 1 - Turma 2C e 2D,0.0,0.0,0.0,0,40.0,0,7,14,12,21,5,33,26,59,33,26
118,5add8502651f043c57723147,20170138442.0,2018.1,5a9d533fa6925304242372f4,13.0,3.0,5.0,Prova 1 - Turma 2C e 2D,0.0,2.0,5.0,Prova 2 - Turmas 2C e 2D - 2018.1,6.5,0,24,16,12,7,16,52,23,75,48,22
119,5add8502651f043c57723147,20170138442.0,2018.1,5a9d533fa6925304242372f4,13.0,3.0,5.0,Prova 1 - Turma 2C e 2D,100.0,2.0,2.0,Prova de Laboratório 2 : Turma 2D : 2019.1,56.5,1,24,16,12,7,16,52,23,75,48,22
120,5b7b03c9b50b336749898175,20170138442.0,2018.2,5a9d533fa6925304242372f4,0.0,2.0,4.0,Prova 1 - Turma 3D - 2018.2,0.0,2.0,5.0,Prova 2 - Turmas 2C e 2D - 2018.1,0.0,0,24,16,12,7,16,52,23,75,48,22
121,5b7b03c9b50b336749898175,20170138442.0,2018.2,5a9d533fa6925304242372f4,0.0,2.0,4.0,Prova 1 - Turma 3D - 2018.2,100.0,2.0,2.0,Prova de Laboratório 2 : Turma 2D : 2019.1,50.0,1,24,16,12,7,16,52,23,75,48,22
122,5ca4b931b50b333d9c9163df,20170138442.0,2019.1,5a9d533fa6925304242372f4,40.0,3.0,3.0,Prova de Laboratório 1 : Turma 2D : 2019.1,0.0,2.0,5.0,Prova 2 - Turmas 2C e 2D - 2018.1,20.0,0,24,16,12,7,16,52,23,75,48,22
123,5ca4b931b50b333d9c9163df,20170138442.0,2019.1,5a9d533fa6925304242372f4,40.0,3.0,3.0,Prova de Laboratório 1 : Turma 2D : 2019.1,100.0,2.0,2.0,Prova de Laboratório 2 : Turma 2D : 2019.1,70.0,1,24,16,12,7,16,52,23,75,48,22
124,5add8502651f043c57723147,20180031913.0,2018.1,5a9d5316e293ba040bc7da3c,92.0,5.0,5.0,Prova 1 - Turma 2C e 2D,100.0,5.0,5.0,Prova 2 - Turmas 2C e 2D - 2018.1,96.0,1,8,14,14,17,12,36,29,65,36,29
125,5add8502651f043c57723147,20170183205.0,2018.1,5a9d535ae293ba040bc7da40,8.0,3.0,5.0,Prova 1 - Turma 2C e 2D,70.0,5.0,5.0,Prova 2 - Turmas 2C e 2D - 2018.1,39.0,0,2,7,10,3,3,19,6,25,17,6
126,5add873c651f043c5772314d,20170042815.0,2018.1,5a9d536ee293ba040bc7da41,95.0,5.0,5.0,Prova 1 - Turma 2C e 2D,95.0,5.0,5.0,Prova 2 - Turmas 2C e 2D - 2018.1,95.0,1,8,6,4,10,8,18,18,36,18,15
127,5add873c651f043c5772314d,2016012759.0,2018.1,5aa68f64baa69604102c7427,40.0,4.0,5.0,Prova 1 - Turma 2C e 2D,0.0,0.0,0.0,0,20.0,0,9,12,9,4,1,30,5,35,25,5
128,5add873c651f043c5772314d,20170138630.0,2018.1,5aa68f766a77db040b660fe1,5.0,5.0,5.0,Prova 1 - Turma 2C e 2D,0.0,3.0,5.0,Prova 2 - Turmas 2C e 2D - 2018.1,2.5,0,4,7,10,7,16,21,23,44,19,22
129,5add873c651f043c5772314d,20170138630.0,2018.1,5aa68f766a77db040b660fe1,5.0,5.0,5.0,Prova 1 - Turma 2C e 2D,0.0,4.0,4.0,Prova 2 - Turmas 3C e 3D - 2018.2,2.5,0,4,7,10,7,16,21,23,44,19,22
130,5b7b03c9b50b336749898175,20170138630.0,2018.2,5aa68f766a77db040b660fe1,25.0,4.0,4.0,Prova 1 - Turma 3D - 2018.2,0.0,3.0,5.0,Prova 2 - Turmas 2C e 2D - 2018.1,12.5,0,4,7,10,7,16,21,23,44,19,22
131,5b7b03c9b50b336749898175,20170138630.0,2018.2,5aa68f766a77db040b660fe1,25.0,4.0,4.0,Prova 1 - Turma 3D - 2018.2,0.0,4.0,4.0,Prova 2 - Turmas 3C e 3D - 2018.2,12.5,0,4,7,10,7,16,21,23,44,19,22
132,5add873c651f043c5772314d,20170032013.0,2018.1,5ad0087be1b024040e685010,59.0,5.0,5.0,Prova 1 - Turma 2C e 2D,90.0,5.0,5.0,Prova 2 - Turmas 2C e 2D - 2018.1,74.5,1,3,9,5,15,5,17,20,37,15,20
133,5add873c651f043c5772314d,20170044810.0,2018.1,5aa68fbcbaa69604102c742c,0.0,5.0,5.0,Prova 1 - Turma 2C e 2D,50.0,4.0,4.0,Prova 2 - Turmas 3C e 3D - 2018.2,25.0,0,10,14,8,11,16,32,27,59,27,27
134,5add873c651f043c5772314d,20170044810.0,2018.1,5aa68fbcbaa69604102c742c,0.0,5.0,5.0,Prova 1 - Turma 2C e 2D,50.0,4.0,4.0,Prova 2 - Turmas 3C e 3D - 2018.2,25.0,0,10,14,8,11,16,32,27,59,27,27
135,5b7b00efb50b33674989816a,20170044810.0,2018.2,5aa68fbcbaa69604102c742c,6.25,3.0,4.0,Prova 1 - Turma 3B - 2018.2,50.0,4.0,4.0,Prova 2 - Turmas 3C e 3D - 2018.2,28.125,0,10,14,8,11,16,32,27,59,27,27
136,5b7b00efb50b33674989816a,20170044810.0,2018.2,5aa68fbcbaa69604102c742c,6.25,3.0,4.0,Prova 1 - Turma 3B - 2018.2,50.0,4.0,4.0,Prova 2 - Turmas 3C e 3D - 2018.2,28.125,0,10,14,8,11,16,32,27,59,27,27
137,5b7b03c9b50b336749898175,20170044810.0,2018.2,5aa68fbcbaa69604102c742c,6.25,3.0,4.0,Prova 1 - Turma 3B - 2018.2,50.0,4.0,4.0,Prova 2 - Turmas 3C e 3D - 2018.2,28.125,0,10,14,8,11,16,32,27,59,27,27
138,5b7b03c9b50b336749898175,20170044810.0,2018.2,5aa68fbcbaa69604102c742c,6.25,3.0,4.0,Prova 1 - Turma 3B - 2018.2,50.0,4.0,4.0,Prova 2 - Turmas 3C e 3D - 2018.2,28.125,0,10,14,8,11,16,32,27,59,27,27
139,5add873c651f043c5772314d,2016012795.0,2018.1,5aa68f8f6a77db040b660fe2,55.0,3.0,5.0,Prova 1 - Turma 2C e 2D,95.0,5.0,5.0,Prova 2 - Turmas 2C e 2D - 2018.1,75.0,1,9,12,2,6,4,23,10,33,10,8
140,5add873c651f043c5772314d,20170043492.0,2018.1,5aafc09ea7761c041bc6289a,88.0,5.0,5.0,Prova 1 - Turma 2C e 2D,0.0,0.0,0.0,0,44.0,0,2,7,3,4,5,12,9,21,12,9
141,5add873c651f043c5772314d,20170115680.0,2018.1,5ace43c6e1b024040e6845f0,100.0,5.0,5.0,Prova 1 - Turma 2C e 2D,80.0,4.0,5.0,Prova 2 - Turmas 2C e 2D - 2018.1,90.0,1,13,15,15,22,15,43,37,80,36,36
142,5add873c651f043c5772314d,20170137919.0,2018.1,5aa68fd3a7761c041bc627be,68.0,5.0,5.0,Prova 1 - Turma 2C e 2D,100.0,5.0,5.0,Prova 2 - Turmas 2C e 2D - 2018.1,84.0,1,2,4,6,4,9,12,13,25,12,13
143,5add873c651f043c5772314d,20170147334.0,2018.1,5a9d53506e994c04109f039c,92.0,5.0,5.0,Prova 1 - Turma 2C e 2D,95.0,5.0,5.0,Prova 2 - Turmas 2C e 2D - 2018.1,93.5,1,6,11,6,5,5,23,10,33,15,8
144,5adffb9159a2a54c937079ee,20170137795.0,2018.1,5aa919fb6a77db040b661048,10.6,4.0,5.0,Prova 1 - Turma 3C e 3D,14.6,3.0,5.0,Prova 2 - Turmas 3C e 3D - 2018.1,12.6,0,7,28,8,7,3,43,10,53,43,10
145,5adffb9159a2a54c937079ee,20170137795.0,2018.1,5aa919fb6a77db040b661048,10.6,4.0,5.0,Prova 1 - Turma 3C e 3D,90.0,5.0,5.0,Prova 2- 2019.1 AB,50.3,1,7,28,8,7,3,43,10,53,43,10
146,5ccc918a651f045f0190f923,20170137795.0,2019.1,5aa919fb6a77db040b661048,10.0,5.0,5.0,Prova 1 AD 2019-1,14.6,3.0,5.0,Prova 2 - Turmas 3C e 3D - 2018.1,12.3,0,7,28,8,7,3,43,10,53,43,10
147,5ccc918a651f045f0190f923,20170137795.0,2019.1,5aa919fb6a77db040b661048,10.0,5.0,5.0,Prova 1 AD 2019-1,90.0,5.0,5.0,Prova 2- 2019.1 AB,50.0,1,7,28,8,7,3,43,10,53,43,10
148,5adffd8c59a2a54c937079ef,20170031114.0,2018.1,5aa91191f9299004205227ec,70.0,5.0,5.0,Prova 1 - Turma 3C e 3D,38.0,4.0,5.0,Prova 2 - Turmas 3C e 3D - 2018.1,54.0,1,6,6,9,3,6,21,9,30,21,9
149,5adffd8c59a2a54c937079ef,20170114665.0,2018.1,5ab264c56a77db040b6612da,28.0,3.0,5.0,Prova 1 - Turma 3C e 3D,8.0,3.0,5.0,Prova 2 - Turmas 3C e 3D - 2018.1,18.0,0,3,6,6,3,5,15,8,23,15,8
150,5adffd8c59a2a54c937079ef,20170114647.0,2018.1,5ab24cb0f9299004205229ee,68.2,5.0,5.0,Prova 1 - Turma 3C e 3D,60.0,5.0,5.0,Prova 2 - Turmas 3C e 3D - 2018.1,64.1,1,1,7,6,5,2,14,7,21,14,7
151,5adffd8c59a2a54c937079ef,20170137866.0,2018.1,5ab24d0f6a77db040b66129f,28.0,5.0,5.0,Prova 1 - Turma 3C e 3D,20.0,4.0,5.0,Prova 2 - Turmas 3C e 3D - 2018.1,24.0,0,3,11,12,3,8,26,11,37,26,11
152,5adffd8c59a2a54c937079ef,2016091369.0,2018.1,5a9fdce9e293ba040bc7da91,71.6,5.0,5.0,Prova 1 - Turma 3C e 3D,80.0,5.0,5.0,Prova 2 - Turmas 3C e 3D - 2018.1,75.8,1,5,12,8,3,4,25,7,32,25,7
153,5ae078b65c7ccb1a0c9f6042,20170147290.0,2018.1,5ab26779a7761c041bc62a0b,0.0,5.0,5.0,Prova 1 - Turmas 3A e 3B,0.0,2.0,5.0,Prova 02 - Turmas 3A e 3B - 2018.1,0.0,0,2,6,3,9,3,11,12,23,10,11
154,5ae078b65c7ccb1a0c9f6042,20170033656.0,2018.1,5ab267afa7761c041bc62a0c,8.2,5.0,5.0,Prova 1 - Turmas 3A e 3B,100.0,2.0,2.0,Prova de Laboratório 2 : Turma 2D : 2019.1,54.1,1,1,1,1,16,7,3,23,26,2,21
155,5ca4b931b50b333d9c9163df,20170033656.0,2019.1,5ab267afa7761c041bc62a0c,100.0,3.0,3.0,Prova de Laboratório 1 : Turma 2D : 2019.1,100.0,2.0,2.0,Prova de Laboratório 2 : Turma 2D : 2019.1,100.0,1,1,1,1,16,7,3,23,26,2,21
156,5ae078b65c7ccb1a0c9f6042,20170039112.0,2018.1,5a9ff670a69253042423732f,23.2,5.0,5.0,Prova 1 - Turmas 3A e 3B,66.6,5.0,5.0,Prova 02 - Turmas 3A e 3B - 2018.1,44.9,0,3,13,8,3,6,24,9,33,24,9
157,5ae078b65c7ccb1a0c9f6042,20170032532.0,2018.1,5a9ff6a26e994c04109f0405,73.2,5.0,5.0,Prova 1 - Turmas 3A e 3B,50.0,3.0,5.0,Prova 02 - Turmas 3A e 3B - 2018.1,61.6,1,2,7,5,4,1,14,5,19,11,5
158,5ae078b65c7ccb1a0c9f6042,20170045290.0,2018.1,5aa93051a7761c041bc6280d,88.0,5.0,5.0,Prova 1 - Turmas 3A e 3B,0.0,0.0,0.0,0,44.0,0,7,13,10,13,9,30,22,52,30,22
159,5ae079cd5c7ccb1a0c9f6043,20170138291.0,2018.1,5ab2681df929900420522a53,0.0,5.0,5.0,Prova 1 - Turmas 3A e 3B,66.5,4.0,4.0,Prova 2 - Turma 3B - 2018.2,33.25,0,13,8,17,10,7,38,17,55,32,16
160,5b7b00efb50b33674989816a,20170138291.0,2018.2,5ab2681df929900420522a53,87.5,4.0,4.0,Prova 1 - Turma 3B - 2018.2,66.5,4.0,4.0,Prova 2 - Turma 3B - 2018.2,77.0,1,13,8,17,10,7,38,17,55,32,16
161,5ae079cd5c7ccb1a0c9f6043,20170116801.0,2018.1,5a9ff6516e994c04109f0402,0.0,5.0,5.0,Prova 1 - Turmas 3A e 3B,20.0,5.0,5.0,Prova 02 - Turmas 3A e 3B - 2018.1,10.0,0,6,10,8,8,3,24,11,35,19,10
162,5ae079cd5c7ccb1a0c9f6043,20170149731.0,2018.1,5ab015e06a77db040b66123e,93.2,5.0,5.0,Prova 1 - Turmas 3A e 3B,0.0,0.0,0.0,0,46.6,0,6,16,9,3,1,31,4,35,29,4
163,5b7afe6db50b336749898165,20180036535.0,2018.2,5b7214b39513a60408ac24f8,0.0,4.0,4.0,Prova 1 - Turma 3B - 2018.2,62.5,4.0,4.0,Prova 2 - Turma 3A - 2018.2,31.25,0,5,8,4,6,16,17,22,39,15,16
164,5b7afe6db50b336749898165,20180033337.0,2018.2,5b75c9969513a60408ac2942,25.0,1.0,4.0,Prova 1 - Turma 3A - 2018.2,37.5,4.0,4.0,Prova 2 - Turma 3A - 2018.2,31.25,0,14,8,5,7,7,27,14,41,26,12
165,5b7afe6db50b336749898165,20180029933.0,2018.2,5b74c74a9513a60408ac2862,56.5,4.0,4.0,Prova 1 - Turma 3A - 2018.2,75.0,4.0,4.0,Prova 2 - Turma 3A - 2018.2,65.75,1,6,11,6,3,9,23,12,35,22,12
166,5b7afe6db50b336749898165,20180110688.0,2018.2,5b7479e19513a60408ac26f3,8.25,4.0,4.0,Prova 1 - Turma 3A - 2018.2,0.0,4.0,4.0,Prova 2 - Turma 3A - 2018.2,4.125,0,8,9,6,9,5,23,14,37,20,14
167,5b7afe6db50b336749898165,20180032877.0,2018.2,5b747beb9513a60408ac271e,12.5,4.0,4.0,Prova 1 - Turma 3A - 2018.2,81.25,4.0,4.0,Prova 2 - Turma 3B - 2018.2,46.875,0,11,8,4,8,11,23,19,42,22,15
168,5b7afe6db50b336749898165,20180035494.0,2018.2,5b7479dd9513a60408ac26f2,25.0,2.0,4.0,Prova 1 - Turma 3A - 2018.2,50.0,3.0,4.0,Prova 2 - Turma 3A - 2018.2,37.5,0,6,4,5,3,3,15,6,21,13,6
169,5b7afe6db50b336749898165,20180039410.0,2018.2,5b7479b99513a60408ac26ee,25.0,3.0,4.0,Prova 1 - Turma 3A - 2018.2,75.0,3.0,4.0,Prova 2 - Turma 3A - 2018.2,50.0,1,4,5,4,3,3,13,6,19,11,6
170,5b7afe6db50b336749898165,20180041811.0,2018.2,5b74799e9513a60408ac26ed,71.5,4.0,4.0,Prova 1 - Turma 3A - 2018.2,75.0,4.0,4.0,Prova 2 - Turma 3A - 2018.2,73.25,1,6,7,5,2,10,18,12,30,17,12
171,5b7afe6db50b336749898165,20180033391.0,2018.2,5b7474409513a60408ac2687,25.75,4.0,4.0,Prova 1 - Turma 3A - 2018.2,75.0,3.0,4.0,Prova 2 - Turma 3A - 2018.2,50.375,1,3,5,1,1,5,9,6,15,9,6
172,5b7afe6db50b336749898165,20180041651.0,2018.2,5b746d6c9513a60408ac2627,0.0,3.0,4.0,Prova 1 - Turma 3A - 2018.2,37.5,4.0,4.0,Prova 2 - Turma 3A - 2018.2,18.75,0,7,5,6,11,9,18,20,38,18,20
173,5b7afe6db50b336749898165,20180042176.0,2018.2,5b747ef19513a60408ac2749,85.0,4.0,4.0,Prova 1 - Turma 3A - 2018.2,100.0,4.0,4.0,Prova 2 - Turma 3A - 2018.2,92.5,1,3,9,3,8,7,15,15,30,15,15
174,5b7afe6db50b336749898165,20180043253.0,2018.2,5b746d2a9513a60408ac2623,58.25,4.0,4.0,Prova 1 - Turma 3A - 2018.2,100.0,4.0,4.0,Prova 2 - Turma 3A - 2018.2,79.125,1,8,13,9,8,14,30,22,52,29,22
175,5b7afe6db50b336749898165,20180030498.0,2018.2,5b746b919513a60408ac25f9,52.5,4.0,4.0,Prova 1 - Turma 3A - 2018.2,100.0,4.0,4.0,Prova 2 - Turma 3A - 2018.2,76.25,1,14,11,9,10,3,34,13,47,30,12
176,5b7afe6db50b336749898165,20180040055.0,2018.2,5b7da4449513a60408ac3255,90.0,4.0,4.0,Prova 1 - Turma 3A - 2018.2,66.5,4.0,4.0,Prova 2 - Turma 3A - 2018.2,78.25,1,6,7,4,3,5,17,8,25,17,8
177,5b7afe6db50b336749898165,20180032518.0,2018.2,5b74688a9513a60408ac25e4,52.5,3.0,4.0,Prova 1 - Turma 3A - 2018.2,75.0,3.0,4.0,Prova 2 - Turma 3A - 2018.2,63.75,1,4,4,12,4,11,20,15,35,20,15
178,5b7afe6db50b336749898165,20180040995.0,2018.2,5b746b169513a60408ac25f5,85.0,4.0,4.0,Prova 1 - Turma 3A - 2018.2,100.0,4.0,4.0,Prova 2 - Turma 3A - 2018.2,92.5,1,9,8,8,5,7,25,12,37,23,12
179,5b7afe6db50b336749898165,20180031637.0,2018.2,5b6c883e9513a60408ac24a9,35.0,3.0,4.0,Prova 1 - Turma 3A - 2018.2,100.0,4.0,4.0,Prova 2 - Turma 3A - 2018.2,67.5,1,13,5,6,7,6,24,13,37,19,13
180,5b7afe6db50b336749898165,20180030059.0,2018.2,5b7214729513a60408ac24f4,77.5,4.0,4.0,Prova 1 - Turma 3A - 2018.2,87.5,4.0,4.0,Prova 2 - Turma 3A - 2018.2,82.5,1,9,10,7,7,11,26,18,44,26,18
181,5b7afe6db50b336749898165,20180030836.0,2018.2,5b721ceb9513a60408ac24fc,52.5,3.0,4.0,Prova 1 - Turma 3A - 2018.2,100.0,4.0,4.0,Prova 2 - Turma 3A - 2018.2,76.25,1,11,8,11,8,20,30,28,58,30,27
182,5b7afe6db50b336749898165,20180032714.0,2018.2,5b7222239513a60408ac2501,45.75,4.0,4.0,Prova 1 - Turma 3A - 2018.2,87.5,4.0,4.0,Prova 2 - Turma 3A - 2018.2,66.625,1,11,9,6,9,7,26,16,42,26,16
183,5b7afe6db50b336749898165,20180037336.0,2018.2,5b733bdd9513a60408ac2583,85.0,4.0,4.0,Prova 1 - Turma 3A - 2018.2,100.0,4.0,4.0,Prova 2 - Turma 3A - 2018.2,92.5,1,11,11,10,5,6,32,11,43,32,11
184,5b7afe6db50b336749898165,20180030658.0,2018.2,5b7344059513a60408ac2589,35.0,4.0,4.0,Prova 1 - Turma 3A - 2018.2,100.0,4.0,4.0,Prova 2 - Turma 3A - 2018.2,67.5,1,9,4,5,7,5,18,12,30,16,11
185,5b7afe6db50b336749898165,20180035411.0,2018.2,5b73507d9513a60408ac25a3,85.0,4.0,4.0,Prova 1 - Turma 3A - 2018.2,100.0,4.0,4.0,Prova 2 - Turma 3A - 2018.2,92.5,1,13,7,4,13,8,24,21,45,21,21
186,5b7afe6db50b336749898165,20180039617.0,2018.2,5b7360d29513a60408ac25a9,35.75,3.0,4.0,Prova 1 - Turma 3A - 2018.2,87.5,4.0,4.0,Prova 2 - Turma 3A - 2018.2,61.625,1,11,8,6,7,6,25,13,38,25,13
187,5b7afe6db50b336749898165,20180032554.0,2018.2,5b736fed9513a60408ac25be,52.5,4.0,4.0,Prova 1 - Turma 3A - 2018.2,75.0,4.0,4.0,Prova 2 - Turma 3A - 2018.2,63.75,1,7,6,5,2,7,18,9,27,16,9
188,5b7afe6db50b336749898165,20180039911.0,2018.2,5b7468059513a60408ac25e2,90.0,4.0,4.0,Prova 1 - Turma 3A - 2018.2,100.0,4.0,4.0,Prova 2 - Turma 3A - 2018.2,95.0,1,19,7,5,16,14,31,30,61,21,29
189,5b7afe6db50b336749898165,20180034030.0,2018.2,5b740df09513a60408ac25c4,73.25,4.0,4.0,Prova 1 - Turma 3A - 2018.2,100.0,4.0,4.0,Prova 2 - Turma 3A - 2018.2,86.625,1,16,10,9,12,9,35,21,56,29,21
190,5b7afe6db50b336749898165,20180030193.0,2018.2,5b736d179513a60408ac25b7,22.5,2.0,4.0,Prova 1 - Turma 3A - 2018.2,75.0,4.0,4.0,Prova 2 - Turma 3A - 2018.2,48.75,0,9,8,6,14,7,23,21,44,23,21
191,5b7b00efb50b33674989816a,20180043155.0,2018.2,5b71d1109513a60408ac24be,93.75,4.0,4.0,Prova 1 - Turma 3B - 2018.2,100.0,4.0,4.0,Prova 2 - Turma 3B - 2018.2,96.875,1,13,14,18,11,14,45,25,70,42,25
192,5b7b00efb50b33674989816a,20180035476.0,2018.2,5b6b67869513a60408ac24a6,100.0,4.0,4.0,Prova 1 - Turma 3B - 2018.2,100.0,4.0,4.0,Prova 2 - Turma 3B - 2018.2,100.0,1,9,11,19,5,7,39,12,51,38,12
193,5b7b00efb50b33674989816a,20180038932.0,2018.2,5b6b68989513a60408ac24a7,0.0,4.0,4.0,Prova 1 - Turma 3B - 2018.2,58.25,4.0,4.0,Prova 2 - Turma 3B - 2018.2,29.125,0,9,8,39,5,12,56,17,73,4,12
194,5b7b00efb50b33674989816a,20180034497.0,2018.2,5b6b74ad9513a60408ac24a8,14.5,2.0,4.0,Prova 1 - Turma 3B - 2018.2,100.0,2.0,2.0,Prova de Laboratório 2 : Turma 2A : 2019.1,57.25,1,12,7,1,4,1,20,5,25,19,4
195,5ca4b75db50b333d9c9163d9,20180034497.0,2019.1,5b6b74ad9513a60408ac24a8,100.0,3.0,3.0,Prova de Laboratório 1 : Turma 2A : 2019.1,100.0,2.0,2.0,Prova de Laboratório 2 : Turma 2A : 2019.1,100.0,1,12,7,1,4,1,20,5,25,19,4
196,5b7b00efb50b33674989816a,20180039312.0,2018.2,5b6f30ea9513a60408ac24ac,31.25,2.0,4.0,Prova 1 - Turma 3B - 2018.2,33.25,4.0,4.0,Prova 2 - Turma 3B - 2018.2,32.25,0,9,13,4,8,14,26,22,48,26,22
197,5b7b00efb50b33674989816a,20180036070.0,2018.2,5b6f41989513a60408ac24ad,25.0,2.0,4.0,Prova 1 - Turma 3B - 2018.2,58.25,3.0,4.0,Prova 2 - Turma 3B - 2018.2,41.625,0,9,9,14,9,11,32,20,52,24,20
198,5b7b00efb50b33674989816a,20170116928.0,2018.2,5b71ae709513a60408ac24b8,0.0,4.0,4.0,Prova 1 - Turma 3B - 2018.2,0.0,4.0,4.0,Prova 2 - Turma 3B - 2018.2,0.0,0,8,8,2,4,4,18,8,26,15,8
199,5b7b00efb50b33674989816a,20180031056.0,2018.2,5b71e3149513a60408ac24c5,93.75,4.0,4.0,Prova 1 - Turma 3B - 2018.2,100.0,4.0,4.0,Prova 2 - Turma 3B - 2018.2,96.875,1,8,14,12,11,8,34,19,53,32,19
200,5b7b00efb50b33674989816a,20150140158.0,2018.2,5b72100e9513a60408ac24e3,37.5,2.0,4.0,Prova 1 - Turma 3B - 2018.2,45.75,3.0,4.0,Prova 2 - Turma 3B - 2018.2,41.625,0,8,8,5,5,1,21,6,27,19,6
201,5b7b00efb50b33674989816a,20180087650.0,2018.2,5b7da4139513a60408ac3252,0.0,4.0,4.0,Prova 1 - Turma 3B - 2018.2,0.0,4.0,4.0,Prova 2 - Turma 3B - 2018.2,0.0,0,28,42,31,9,11,101,20,121,69,11
202,5b7b00efb50b33674989816a,20180087650.0,2018.2,5b7da4139513a60408ac3252,0.0,4.0,4.0,Prova 1 - Turma 3B - 2018.2,50.0,2.0,2.0,Prova de Laboratório 2 : Turma 2B : 2019.1,25.0,0,28,42,31,9,11,101,20,121,69,11
203,5ca4b8ebb50b333d9c9163dd,20180087650.0,2019.1,5b7da4139513a60408ac3252,0.0,3.0,3.0,Prova de Laboratório 1 : Turma 2B : 2019.1,0.0,4.0,4.0,Prova 2 - Turma 3B - 2018.2,0.0,0,28,42,31,9,11,101,20,121,69,11
204,5ca4b8ebb50b333d9c9163dd,20180087650.0,2019.1,5b7da4139513a60408ac3252,0.0,3.0,3.0,Prova de Laboratório 1 : Turma 2B : 2019.1,50.0,2.0,2.0,Prova de Laboratório 2 : Turma 2B : 2019.1,25.0,0,28,42,31,9,11,101,20,121,69,11
205,5b7b00efb50b33674989816a,20180037597.0,2018.2,5b7da4169513a60408ac3253,100.0,4.0,4.0,Prova 1 - Turma 3B - 2018.2,100.0,4.0,4.0,Prova 2 - Turma 3B - 2018.2,100.0,1,12,14,9,11,16,35,27,62,33,27
206,5b7b00efb50b33674989816a,20180039395.0,2018.2,5b7da4249513a60408ac3254,87.5,4.0,4.0,Prova 1 - Turma 3B - 2018.2,81.25,4.0,4.0,Prova 2 - Turma 3B - 2018.2,84.375,1,4,7,4,5,10,15,15,30,12,15
207,5b7b00efb50b33674989816a,20180038790.0,2018.2,5b7da5b19513a60408ac3263,87.5,4.0,4.0,Prova 1 - Turma 3B - 2018.2,87.5,4.0,4.0,Prova 2 - Turma 3B - 2018.2,87.5,1,11,7,8,10,19,26,29,55,26,29
208,5b7b00efb50b33674989816a,20180038173.0,2018.2,5b7da5cc9513a60408ac3264,93.75,4.0,4.0,Prova 1 - Turma 3B - 2018.2,87.5,4.0,4.0,Prova 2 - Turma 3B - 2018.2,90.625,1,8,8,10,12,11,26,23,49,24,21
209,5b7b00efb50b33674989816a,20180032474.0,2018.2,5b7da5ce9513a60408ac3265,87.5,4.0,4.0,Prova 1 - Turma 3B - 2018.2,87.5,4.0,4.0,Prova 2 - Turma 3B - 2018.2,87.5,1,9,15,5,15,11,29,26,55,27,24
210,5b7b00efb50b33674989816a,20160142497.0,2018.2,59c1789a2ef67a29b8d12e6e,43.75,2.0,4.0,Prova 1 - Turma 3B - 2018.2,13.2,3.0,5.0,Prova 2 - Turma 03 - 2017.2,28.475,0,3,12,4,6,18,19,24,43,16,23
211,5b7b00efb50b33674989816a,20160142497.0,2018.2,59c1789a2ef67a29b8d12e6e,43.75,2.0,4.0,Prova 1 - Turma 3B - 2018.2,0.0,1.0,5.0,Segunda Prova,21.875,0,3,12,4,6,18,19,24,43,16,23
212,5b7b00efb50b33674989816a,20160142497.0,2018.2,59c1789a2ef67a29b8d12e6e,43.75,2.0,4.0,Prova 1 - Turma 3B - 2018.2,75.0,4.0,4.0,Prova 2 - Turma 3B - 2018.2,59.375,1,3,12,4,6,18,19,24,43,16,23
213,5b7b00efb50b33674989816a,20180034290.0,2018.2,5b7da3e49513a60408ac3251,100.0,4.0,4.0,Prova 1 - Turma 3B - 2018.2,100.0,4.0,4.0,Prova 2 - Turma 3B - 2018.2,100.0,1,13,14,14,15,15,41,30,71,41,30
214,5b7b01fdb50b33674989816f,20180032590.0,2018.2,5b74681f9513a60408ac25e3,95.0,4.0,4.0,Prova 1 - Turma 3C - 2018.2,100.0,4.0,4.0,Prova 2 - Turmas 3C e 3D - 2018.2,97.5,1,14,6,8,5,4,28,9,37,21,9
215,5b7b01fdb50b33674989816f,20180031010.0,2018.2,5b6b4ada9513a60408ac24a5,85.0,4.0,4.0,Prova 1 - Turma 3C - 2018.2,87.5,4.0,4.0,Prova 2 - Turmas 3C e 3D - 2018.2,86.25,1,9,10,10,15,11,29,26,55,29,26
216,5b7b01fdb50b33674989816f,20170031212.0,2018.2,5b9975109513a60408ac6b7b,0.0,2.0,4.0,Prova 1 - Turma 3C - 2018.2,0.0,0.0,0.0,0,0.0,0,9,4,11,5,5,24,10,34,22,10
217,5b7b01fdb50b33674989816f,20170148242.0,2018.2,5b86fd0a9513a60408ac4c89,60.0,4.0,4.0,Prova 1 - Turma 3C - 2018.2,0.0,0.0,0.0,0,30.0,0,9,12,7,5,7,28,12,40,27,12
218,5b7b01fdb50b33674989816f,20170033692.0,2018.2,5b86fcef9513a60408ac4c88,0.0,4.0,4.0,Prova 1 - Turma 3C - 2018.2,100.0,2.0,2.0,Prova de Laboratório 2 : Turma 2B : 2019.1,50.0,1,11,11,5,4,1,27,5,32,27,5
219,5b7b01fdb50b33674989816f,20180030317.0,2018.2,5b7da4e79513a60408ac325e,62.5,4.0,4.0,Prova 1 - Turma 3C - 2018.2,0.0,3.0,4.0,Prova 2 - Turmas 3C e 3D - 2018.2,31.25,0,3,8,4,3,6,15,9,24,15,9
220,5b7b01fdb50b33674989816f,20180030970.0,2018.2,5b76e4939513a60408ac2a99,25.0,4.0,4.0,Prova 1 - Turma 3C - 2018.2,80.0,4.0,4.0,Prova 2 - Turmas 3C e 3D - 2018.2,52.5,1,2,6,5,4,6,13,10,23,13,10
221,5b7b01fdb50b33674989816f,20180039555.0,2018.2,5b75d73b9513a60408ac2990,12.5,2.0,4.0,Prova 1 - Turma 3C - 2018.2,0.0,3.0,4.0,Prova 2 - Turmas 3C e 3D - 2018.2,6.25,0,7,6,14,8,5,27,13,40,27,13
222,5b7b01fdb50b33674989816f,20180031430.0,2018.2,5b7496669513a60408ac27e3,50.0,2.0,4.0,Prova 1 - Turma 3C - 2018.2,25.0,4.0,4.0,Prova 2 - Turmas 3C e 3D - 2018.2,37.5,0,6,8,3,8,7,17,15,32,17,15
223,5b7b01fdb50b33674989816f,20180042819.0,2018.2,5b7488119513a60408ac2772,25.0,3.0,4.0,Prova 1 - Turma 3C - 2018.2,75.0,4.0,4.0,Prova 2 - Turmas 3C e 3D - 2018.2,50.0,1,8,8,2,7,6,18,13,31,16,12
224,5b7b01fdb50b33674989816f,20180035654.0,2018.2,5b7487479513a60408ac2771,55.0,4.0,4.0,Prova 1 - Turma 3C - 2018.2,60.0,4.0,4.0,Prova 2 - Turmas 3C e 3D - 2018.2,57.5,1,4,4,4,3,5,12,8,20,12,8
225,5b7b01fdb50b33674989816f,20180031790.0,2018.2,5b7487419513a60408ac2770,78.25,4.0,4.0,Prova 1 - Turma 3C - 2018.2,100.0,4.0,4.0,Prova 2 - Turmas 3C e 3D - 2018.2,89.125,1,10,12,7,13,5,29,18,47,29,18
226,5b7b01fdb50b33674989816f,20180029773.0,2018.2,5b74871e9513a60408ac276f,95.0,4.0,4.0,Prova 1 - Turma 3C - 2018.2,90.0,4.0,4.0,Prova 2 - Turmas 3C e 3D - 2018.2,92.5,1,4,6,3,7,9,13,16,29,13,16
227,5b7b01fdb50b33674989816f,20180031753.0,2018.2,5b740deb9513a60408ac25c3,0.0,4.0,4.0,Prova 1 - Turma 3C - 2018.2,0.0,4.0,4.0,Prova 2 - Turmas 3C e 3D - 2018.2,0.0,0,7,6,6,6,7,19,13,32,18,13
228,5b7b01fdb50b33674989816f,20180036455.0,2018.2,5b71bafd9513a60408ac24ba,30.0,3.0,4.0,Prova 1 - Turma 3C - 2018.2,70.75,4.0,4.0,Prova 2 - Turmas 3C e 3D - 2018.2,50.375,1,5,8,7,4,7,20,11,31,16,10
229,5b7b01fdb50b33674989816f,20180036310.0,2018.2,5b71b9e99513a60408ac24b9,43.25,4.0,4.0,Prova 1 - Turma 3C - 2018.2,12.5,4.0,4.0,Prova 2 - Turmas 3C e 3D - 2018.2,27.875,0,10,7,6,4,11,23,15,38,20,14
230,5b7b01fdb50b33674989816f,20170114960.0,2018.2,5b74969c9513a60408ac27e4,50.0,3.0,4.0,Prova 1 - Turma 3C - 2018.2,40.0,4.0,4.0,Prova 2 - Turmas 3C e 3D - 2018.2,45.0,0,10,5,8,9,3,23,12,35,16,10
231,5b7b01fdb50b33674989816f,20180041876.0,2018.2,5b6b1d4c9513a60408ac24a4,80.0,4.0,4.0,Prova 1 - Turma 3C - 2018.2,100.0,4.0,4.0,Prova 2 - Turmas 3C e 3D - 2018.2,90.0,1,8,8,4,6,12,20,18,38,20,18
232,5b7b03c9b50b336749898175,20160107120.0,2018.2,5b7dc3e99513a60408ac355a,62.5,4.0,4.0,Prova 1 - Turma 3D - 2018.2,50.0,4.0,4.0,Prova 2 - Turmas 3C e 3D - 2018.2,56.25,1,5,5,4,4,5,14,9,23,12,9
233,5b7b03c9b50b336749898175,20160107881.0,2018.2,5b7dc10c9513a60408ac3525,93.75,4.0,4.0,Prova 1 - Turma 3D - 2018.2,100.0,4.0,4.0,Prova 2 - Turmas 3C e 3D - 2018.2,96.875,1,11,9,3,6,13,23,19,42,21,18
234,5b7b03c9b50b336749898175,20170115869.0,2018.2,5b7dc0bd9513a60408ac3521,25.0,3.0,4.0,Prova 1 - Turma 3D - 2018.2,50.0,4.0,4.0,Prova 2 - Turmas 3C e 3D - 2018.2,37.5,0,8,11,9,10,22,28,32,60,23,29
235,5b7b03c9b50b336749898175,20180039958.0,2018.2,5b72de6a9513a60408ac254b,52.0,4.0,4.0,Prova 1 - Turma 3D - 2018.2,87.5,4.0,4.0,Prova 2 - Turmas 3C e 3D - 2018.2,69.75,1,8,15,7,5,4,30,9,39,30,9
236,5b7b03c9b50b336749898175,20160143627.0,2018.2,5b7227bc9513a60408ac2515,75.0,4.0,4.0,Prova 1 - Turma 3D - 2018.2,78.25,4.0,4.0,Prova 2 - Turmas 3C e 3D - 2018.2,76.625,1,5,6,5,5,7,16,12,28,14,11
237,5b7b03c9b50b336749898175,2015010295.0,2018.2,5ae08af8241ada0408e6cb80,8.25,3.0,4.0,Prova 1 - Turma 3D - 2018.2,25.0,2.0,4.0,Prova 2 - Turmas 3C e 3D - 2018.2,16.625,0,23,13,5,22,13,41,35,76,15,30
238,5b7b03c9b50b336749898175,2015010295.0,2018.2,5ae08af8241ada0408e6cb80,8.25,3.0,4.0,Prova 1 - Turma 3D - 2018.2,66.66666666666667,2.0,3.0,Prova 2 - Turma 01D - 2019.1,37.458333333333336,0,23,13,5,22,13,41,35,76,15,30
239,5ca4ca68b50b333d9c9163fd,2015010295.0,2019.1,5ae08af8241ada0408e6cb80,40.0,3.0,3.0,Prova 1 - Turma 01D - 2019.1,25.0,2.0,4.0,Prova 2 - Turmas 3C e 3D - 2018.2,32.5,0,23,13,5,22,13,41,35,76,15,30
240,5ca4ca68b50b333d9c9163fd,2015010295.0,2019.1,5ae08af8241ada0408e6cb80,40.0,3.0,3.0,Prova 1 - Turma 01D - 2019.1,66.66666666666667,2.0,3.0,Prova 2 - Turma 01D - 2019.1,53.333333333333336,1,23,13,5,22,13,41,35,76,15,30
241,5b7b03c9b50b336749898175,20160142290.0,2018.2,59c175542ef67a29b8d12e6b,0.0,4.0,4.0,Prova 1 - Turma 3D - 2018.2,0.0,5.0,5.0,Prova 2 - Turma 03 - 2017.2,0.0,0,5,8,3,18,9,16,27,43,11,9
242,5b7b03c9b50b336749898175,20160142290.0,2018.2,59c175542ef67a29b8d12e6b,0.0,4.0,4.0,Prova 1 - Turma 3D - 2018.2,0.0,5.0,5.0,Segunda Prova,0.0,0,5,8,3,18,9,16,27,43,11,9
243,5b7b03c9b50b336749898175,20160142290.0,2018.2,59c175542ef67a29b8d12e6b,0.0,4.0,4.0,Prova 1 - Turma 3D - 2018.2,0.0,3.0,4.0,Prova 2 - Turmas 3C e 3D - 2018.2,0.0,0,5,8,3,18,9,16,27,43,11,9
244,5b7b03c9b50b336749898175,20180040135.0,2018.2,5b723a179513a60408ac2534,81.25,4.0,4.0,Prova 1 - Turma 3D - 2018.2,87.5,4.0,4.0,Prova 2 - Turmas 3C e 3D - 2018.2,84.375,1,18,23,11,20,4,52,24,76,52,24
245,5b7b03c9b50b336749898175,20180039134.0,2018.2,5b7588019513a60408ac28e6,75.0,4.0,4.0,Prova 1 - Turma 3D - 2018.2,100.0,4.0,4.0,Prova 2 - Turmas 3C e 3D - 2018.2,87.5,1,9,11,11,7,4,31,11,42,31,11
246,5b8037188d6212588658e570,20180038816.0,2018.2,5b7aff3c9513a60408ac2c07,41.2,5.0,5.0,Prova 1 - Turma 1 AB,80.0,5.0,5.0,Prova 2 - Turma 1 AB,60.6,1,10,12,8,9,9,30,18,48,28,18
247,5b8037188d6212588658e570,20180040458.0,2018.2,5b7afdf39513a60408ac2c02,78.6,5.0,5.0,Prova 1 - Turma 1 AB,56.0,5.0,5.0,Prova 2 - Turma 1 AB,67.3,1,10,25,16,7,10,51,17,68,47,17
248,5b8037188d6212588658e570,20180035073.0,2018.2,5b7b00c99513a60408ac2c0d,76.0,5.0,5.0,Prova 1 - Turma 1 AB,40.0,4.0,5.0,Prova 2 - Turma 1 AB,58.0,1,11,17,10,12,10,38,22,60,29,17
249,5b8037188d6212588658e570,20180030237.0,2018.2,5b7b00e69513a60408ac2c0e,28.0,3.0,5.0,Prova 1 - Turma 1 AB,76.0,5.0,5.0,Prova 2 - Turma 1 AB,52.0,1,14,17,8,15,5,39,20,59,37,20
250,5b8037188d6212588658e570,20180032376.0,2018.2,5b7b00ee9513a60408ac2c0f,49.2,4.0,5.0,Prova 1 - Turma 1 AB,50.0,4.0,5.0,Prova 2 - Turma 1 AB,49.6,0,7,14,9,9,8,30,17,47,30,16
251,5b8037188d6212588658e570,20180033838.0,2018.2,5b7b00f09513a60408ac2c10,86.6,5.0,5.0,Prova 1 - Turma 1 AB,88.0,5.0,5.0,Prova 2 - Turma 1 AB,87.3,1,9,16,22,19,10,47,29,76,47,29
252,5b8037188d6212588658e570,20180031412.0,2018.2,5b7b00f49513a60408ac2c11,32.0,5.0,5.0,Prova 1 - Turma 1 AB,0.0,5.0,5.0,Prova 2 - Turma 1 AB,16.0,0,29,19,11,4,3,59,7,66,35,7
253,5b8037188d6212588658e570,20180031412.0,2018.2,5b7b00f49513a60408ac2c11,32.0,5.0,5.0,Prova 1 - Turma 1 AB,100.0,3.0,3.0,Prova 2 - Turma 01D - 2019.1,66.0,1,29,19,11,4,3,59,7,66,35,7
254,5ca4ca24b50b333d9c9163fb,20180031412.0,2019.1,5b7b00f49513a60408ac2c11,75.0,3.0,3.0,Prova 1 - Turma 01D - 2019.1,0.0,5.0,5.0,Prova 2 - Turma 1 AB,37.5,0,29,19,11,4,3,59,7,66,35,7
255,5ca4ca24b50b333d9c9163fb,20180031412.0,2019.1,5b7b00f49513a60408ac2c11,75.0,3.0,3.0,Prova 1 - Turma 01D - 2019.1,100.0,3.0,3.0,Prova 2 - Turma 01D - 2019.1,87.5,1,29,19,11,4,3,59,7,66,35,7
256,5b8037188d6212588658e570,20180033275.0,2018.2,5b7b00fe9513a60408ac2c12,71.6,5.0,5.0,Prova 1 - Turma 1 AB,36.6,4.0,5.0,Prova 2 - Turma 1 AB,54.099999999999994,1,9,10,9,8,8,28,16,44,27,16
257,5b8037188d6212588658e570,20180043736.0,2018.2,5b7b01139513a60408ac2c16,72.0,5.0,5.0,Prova 1 - Turma 1 AB,60.0,3.0,5.0,Prova 2 - Turma 1 AB,66.0,1,10,15,11,11,8,36,19,55,31,18
258,5b8037188d6212588658e570,20180038271.0,2018.2,5b7b011e9513a60408ac2c17,92.0,5.0,5.0,Prova 1 - Turma 1 AB,88.0,5.0,5.0,Prova 2 - Turma 1 AB,90.0,1,9,20,13,18,14,42,32,74,42,32
259,5b8037188d6212588658e570,20180030451.0,2018.2,5b7b013a9513a60408ac2c18,82.0,5.0,5.0,Prova 1 - Turma 1 AB,96.0,5.0,5.0,Prova 2 - Turma 1 AB,89.0,1,10,20,21,19,2,51,21,72,51,21
260,5b8037188d6212588658e570,20180036811.0,2018.2,5b7b016b9513a60408ac2c1b,20.0,5.0,5.0,Prova 1 - Turma 1 AB,13.2,5.0,5.0,Prova 2 - Turma 1 AB,16.6,0,9,7,4,9,15,20,24,44,14,22
261,5b8037188d6212588658e570,20180037971.0,2018.2,5b7b01919513a60408ac2c1d,52.0,5.0,5.0,Prova 1 - Turma 1 AB,76.0,5.0,5.0,Prova 2 - Turma 1 AB,64.0,1,15,8,16,8,7,39,15,54,38,14
262,5b8037188d6212588658e570,20180032750.0,2018.2,5b7afded9513a60408ac2c01,58.6,4.0,5.0,Prova 1 - Turma 1 AB,36.0,4.0,5.0,Prova 2 - Turma 1 AB,47.3,0,7,8,5,2,5,20,7,27,20,7
263,5ba99055463cb731d4510cba,20180033239.0,2018.2,5b7c57dc9513a60408ac2eb4,100.0,3.0,3.0,Prova 1 - T02 - 2018.2,100.0,3.0,3.0,Prova 2 - Turma A e B - 2018.2,100.0,1,1,8,2,6,11,11,17,28,11,17
264,5ba99055463cb731d4510cba,20180031270.0,2018.2,5b7c57e19513a60408ac2eb5,93.33333333333331,3.0,3.0,Prova 1 - T02 - 2018.2,100.0,3.0,3.0,Prova 2 - Turma A e B - 2018.2,96.66666666666666,1,9,11,9,21,10,29,31,60,29,31
265,5ba99055463cb731d4510cba,20180105623.0,2018.2,5b7c57b29513a60408ac2eaf,6.666666666666668,3.0,3.0,Prova 1 - T02 - 2018.2,66.66666666666667,3.0,3.0,Prova 2 - Turma A e B - 2018.2,36.66666666666667,0,11,11,5,3,13,27,16,43,27,16
266,5ba99055463cb731d4510cba,20170116187.0,2018.2,5ab3c51e5524bd0669272de0,80.0,3.0,3.0,Prova 1 - T02 - 2018.2,53.33333333333334,2.0,3.0,Prova 2 - Turma A e B - 2018.2,66.66666666666667,1,7,16,7,6,5,30,11,41,30,11
267,5ba99055463cb731d4510cba,20180033776.0,2018.2,5b7c57e99513a60408ac2eb6,80.0,3.0,3.0,Prova 1 - T02 - 2018.2,46.66666666666666,2.0,3.0,Prova 2 - Turma C e D - 2018.2,63.33333333333333,1,7,19,6,1,7,32,8,40,31,4
268,5ba99055463cb731d4510cba,20180033776.0,2018.2,5b7c57e99513a60408ac2eb6,80.0,3.0,3.0,Prova 1 - T02 - 2018.2,90.0,5.0,5.0,Prova 2 extra,85.0,1,7,19,6,1,7,32,8,40,31,4
269,5ccc918a651f045f0190f923,20180033776.0,2019.1,5b7c57e99513a60408ac2eb6,72.0,5.0,5.0,Prova 1 AD 2019-1,46.66666666666666,2.0,3.0,Prova 2 - Turma C e D - 2018.2,59.33333333333333,1,7,19,6,1,7,32,8,40,31,4
270,5ccc918a651f045f0190f923,20180033776.0,2019.1,5b7c57e99513a60408ac2eb6,72.0,5.0,5.0,Prova 1 AD 2019-1,90.0,5.0,5.0,Prova 2 extra,81.0,1,7,19,6,1,7,32,8,40,31,4
271,5ba99055463cb731d4510cba,20180128083.0,2018.2,5b858f109513a60408ac41a6,33.333333333333336,3.0,3.0,Prova 1 - T02 - 2018.2,40.0,3.0,3.0,Prova 2 - Turma A e B - 2018.2,36.66666666666667,0,1,4,3,1,4,8,5,13,7,5
272,5ba99055463cb731d4510cba,20180030999.0,2018.2,5b858ebf9513a60408ac41a5,33.333333333333336,1.0,3.0,Prova 1 - T02 - 2018.2,33.333333333333336,2.0,3.0,Prova 2 - Turma A e B - 2018.2,33.333333333333336,0,3,6,10,1,10,19,11,30,19,11
273,5ba99055463cb731d4510cba,20180129287.0,2018.2,5b858e839513a60408ac41a3,46.66666666666666,3.0,3.0,Prova 1 - T02 - 2018.2,0.0,3.0,3.0,Prova 2 - Turma A e B - 2018.2,23.33333333333333,0,1,4,5,4,8,10,12,22,8,12
274,5ba99055463cb731d4510cba,20180002288.0,2018.2,5b7c57eb9513a60408ac2eb7,40.0,3.0,3.0,Prova 1 - T02 - 2018.2,0.0,0.0,0.0,0,20.0,0,8,5,2,2,3,15,5,20,15,5
275,5ba99055463cb731d4510cba,20180033417.0,2018.2,5b7c58349513a60408ac2ebd,100.0,3.0,3.0,Prova 1 - T02 - 2018.2,60.0,3.0,3.0,Prova 2 - Turma A e B - 2018.2,80.0,1,11,7,7,2,7,25,9,34,19,9
276,5ba9947f463cb731d4510cda,20180030738.0,2018.2,5b74aa429513a60408ac2805,100.0,3.0,3.0,Prova 1 - T02 - 2018.2,86.66666666666669,3.0,3.0,Prova 2 - Turma A e B - 2018.2,93.33333333333334,1,9,12,3,7,5,24,12,36,24,12
277,5ba9947f463cb731d4510cda,20180034737.0,2018.2,5b7c57c59513a60408ac2eb1,53.33333333333334,3.0,3.0,Prova 1 - T02 - 2018.2,33.333333333333336,3.0,3.0,Prova 2 - Turma A e B - 2018.2,43.33333333333334,0,7,7,2,6,6,16,12,28,16,12
278,5ba9947f463cb731d4510cda,20180148442.0,2018.2,5b7c6d629513a60408ac2ff5,60.0,3.0,3.0,Prova 1 - T02 - 2018.2,60.0,3.0,3.0,Prova 2 - Turma A e B - 2018.2,60.0,1,4,3,2,1,4,9,5,14,5,5
279,5ba9947f463cb731d4510cda,20170139557.0,2018.2,5b7c585b9513a60408ac2ebf,73.33333333333333,3.0,3.0,Prova 1 - T02 - 2018.2,80.0,3.0,3.0,Prova 2 - Turma A e B - 2018.2,76.66666666666666,1,2,4,5,1,4,11,5,16,11,5
280,5ba9947f463cb731d4510cda,20180030952.0,2018.2,5b7c65139513a60408ac2f9c,100.0,3.0,3.0,Prova 1 - T02 - 2018.2,93.33333333333331,3.0,3.0,Prova 2 - Turma A e B - 2018.2,96.66666666666666,1,3,6,4,1,9,13,10,23,12,9
281,5ba9947f463cb731d4510cda,20180031154.0,2018.2,5b7c64969513a60408ac2f92,73.33333333333333,3.0,3.0,Prova 1 - T02 - 2018.2,66.66666666666667,3.0,3.0,Prova 2 - Turma A e B - 2018.2,70.0,1,2,3,3,1,3,8,4,12,6,4
282,5ba9947f463cb731d4510cda,20180030470.0,2018.2,5b7c6d939513a60408ac2ff6,33.333333333333336,3.0,3.0,Prova 1 - T02 - 2018.2,100.0,3.0,3.0,Prova 2 - Turma A e B - 2018.2,66.66666666666667,1,4,9,3,1,4,16,5,21,15,5
283,5ba9947f463cb731d4510cda,20180035458.0,2018.2,5b7c64799513a60408ac2f8f,93.33333333333331,3.0,3.0,Prova 1 - T02 - 2018.2,100.0,3.0,3.0,Prova 2 - Turma A e B - 2018.2,96.66666666666666,1,7,18,8,1,10,33,11,44,31,10
284,5ba9947f463cb731d4510cda,20170183063.0,2018.2,5b7c624d9513a60408ac2f85,66.66666666666667,3.0,3.0,Prova 1 - T02 - 2018.2,66.66666666666667,3.0,3.0,Prova 2 - Turma A e B - 2018.2,66.66666666666667,1,6,9,6,6,4,21,10,31,21,10
285,5ba9947f463cb731d4510cda,20170034958.0,2018.2,5ab3c5145524bd0669272ddf,66.66666666666667,2.0,3.0,Prova 1 - T02 - 2018.2,66.66666666666667,3.0,3.0,Prova 2 - Turma A e B - 2018.2,66.66666666666667,1,2,4,8,6,4,14,10,24,14,10
286,5ba995ce463cb731d4510cdb,20180108142.0,2018.2,5b7c6f3d9513a60408ac300e,0.0,1.0,3.0,Prova 1 - Lab. 2018.2 - T02C,0.0,3.0,3.0,Prova 2 - Turma C e D - 2018.2,0.0,0,4,4,5,3,7,13,10,23,13,4
287,5ba995ce463cb731d4510cdb,20180108142.0,2018.2,5b7c6f3d9513a60408ac300e,0.0,1.0,3.0,Prova 1 - Lab. 2018.2 - T02C,50.0,1.0,2.0,Prova de Laboratório 2 : Turma 2C : 2019.1,25.0,0,4,4,5,3,7,13,10,23,13,4
288,5ca4b90cb50b333d9c9163de,20180108142.0,2019.1,5b7c6f3d9513a60408ac300e,33.333333333333336,2.0,3.0,Prova de Laboratório 1 : Turma 2C : 2019.1,0.0,3.0,3.0,Prova 2 - Turma C e D - 2018.2,16.666666666666668,0,4,4,5,3,7,13,10,23,13,4
289,5ca4b90cb50b333d9c9163de,20180108142.0,2019.1,5b7c6f3d9513a60408ac300e,33.333333333333336,2.0,3.0,Prova de Laboratório 1 : Turma 2C : 2019.1,50.0,1.0,2.0,Prova de Laboratório 2 : Turma 2C : 2019.1,41.66666666666667,0,4,4,5,3,7,13,10,23,13,4
290,5ba995ce463cb731d4510cdb,20170035552.0,2018.2,5b7c6f4b9513a60408ac3012,75.0,3.0,3.0,Prova 1 - Lab. 2018.2 - T02C,33.333333333333336,1.0,3.0,Prova 2 - Turma C e D - 2018.2,54.16666666666667,1,10,14,6,1,5,30,6,36,30,6
291,5ba995ce463cb731d4510cdb,20180042597.0,2018.2,5b7c719b9513a60408ac3027,0.0,3.0,3.0,Prova 1 - Turma 2D - 2018.2,0.0,1.0,5.0,Prova 2- 2019.1 AB,0.0,0,21,22,4,3,2,47,5,52,42,5
292,5ccc918a651f045f0190f923,20180042597.0,2019.1,5b7c719b9513a60408ac3027,0.0,5.0,5.0,Prova 1 AD 2019-1,0.0,1.0,5.0,Prova 2- 2019.1 AB,0.0,0,21,22,4,3,2,47,5,52,42,5
293,5ba995ce463cb731d4510cdb,20180089350.0,2018.2,5b7c6f459513a60408ac3011,66.66666666666667,3.0,3.0,Prova 1 - Lab. 2018.2 - T02C,66.66666666666667,3.0,3.0,Prova 2 - Turma C e D - 2018.2,66.66666666666667,1,5,9,3,1,7,17,8,25,15,8
294,5ba995ce463cb731d4510cdb,20180031950.0,2018.2,5baa91cf4698a230b8c00d73,66.66666666666667,3.0,3.0,Prova 1 - Lab. 2018.2 - T02C,83.33333333333333,3.0,3.0,Prova 2 - Turma C e D - 2018.2,75.0,1,2,9,2,4,4,13,8,21,13,8
295,5ba995ce463cb731d4510cdb,20180041375.0,2018.2,5b85ace09513a60408ac4485,75.0,3.0,3.0,Prova 1 - Lab. 2018.2 - T02C,33.333333333333336,3.0,3.0,Prova 2 - Turma C e D - 2018.2,54.16666666666667,1,1,5,1,1,4,7,5,12,7,5
296,5ba995ce463cb731d4510cdb,20180031575.0,2018.2,5b7c74349513a60408ac3051,66.66666666666667,3.0,3.0,Prova 1 - Lab. 2018.2 - T02C,33.333333333333336,3.0,3.0,Prova 2 - Turma C e D - 2018.2,50.0,1,6,4,1,1,10,11,11,22,11,11
297,5ba995ce463cb731d4510cdb,20170036157.0,2018.2,5b7c6fda9513a60408ac3014,0.0,3.0,3.0,Prova 1 - Lab. 2018.2 - T02C,0.0,3.0,3.0,Prova 2 - Turma C e D - 2018.2,0.0,0,2,6,2,2,8,10,10,20,10,10
298,5ba995ce463cb731d4510cdb,20170043456.0,2018.2,5b7c6f769513a60408ac3013,66.66666666666667,3.0,3.0,Prova 1 - Lab. 2018.2 - T02C,83.33333333333333,3.0,3.0,Prova 2 - Turma C e D - 2018.2,75.0,1,8,7,1,5,6,16,11,27,16,11
299,5ba9a020463cb731d4510d0e,20180033613.0,2018.2,5b76f47e9513a60408ac2aa7,0.0,3.0,3.0,Prova 1 - Turma 2D - 2018.2,23.33333333333333,3.0,3.0,Prova 2 - Turma C e D - 2018.2,11.666666666666664,0,8,3,4,8,2,15,10,25,13,8
300,5ba9a020463cb731d4510d0e,20170116445.0,2018.2,5b7c79439513a60408ac3082,0.0,3.0,3.0,Prova 1 - Turma 2D - 2018.2,33.333333333333336,1.0,3.0,Prova 2 - Turma C e D - 2018.2,16.666666666666668,0,5,2,1,1,5,8,6,14,8,6
301,5ba9a020463cb731d4510d0e,20180036830.0,2018.2,5b7c7b129513a60408ac30a0,77.66666666666667,3.0,3.0,Prova 1 - Turma 2D - 2018.2,83.33333333333333,3.0,3.0,Prova 2 - Turma C e D - 2018.2,80.5,1,4,3,1,1,3,8,4,12,8,4
302,5bb02ba3651f042bb5d58252,20180037292.0,2018.2,5b8694c39513a60408ac472d,60.0,5.0,5.0,Prova 1 - Turma 1 AB,20.0,2.0,5.0,Prova 2 - Turma 1 AB,40.0,0,5,17,8,8,6,30,14,44,27,14
303,5bb02ba3651f042bb5d58252,20180031510.0,2018.2,5b7a09ef9513a60408ac2bad,25.0,3.0,5.0,Prova 1 - Turma 1 AB,13.2,3.0,5.0,Prova 2 - Turma 1 AB,19.1,0,7,8,1,10,6,16,16,32,15,16
304,5bb02ba3651f042bb5d58252,20180034138.0,2018.2,5b7b035a9513a60408ac2c25,24.0,5.0,5.0,Prova 1 - Turma 1 AB,24.0,4.0,5.0,Prova 2 - Turma 1 AB,24.0,0,6,11,5,12,6,22,18,40,17,17
305,5bb02ba3651f042bb5d58252,20180038039.0,2018.2,5b843ab49513a60408ac3c92,86.6,5.0,5.0,Prova 1 - Turma 1 AB,100.0,5.0,5.0,Prova 2 - Turma 1 AB,93.3,1,9,19,9,19,13,37,32,69,37,32
306,5bb02ba3651f042bb5d58252,20170138264.0,2018.2,5b7b013d9513a60408ac2c1a,13.2,4.0,5.0,Prova 1 - Turma 1 AB,20.6,5.0,5.0,Prova 2 - Turma 1 AB,16.9,0,12,13,7,2,3,32,5,37,21,2
307,5bb02ba3651f042bb5d58252,20180036277.0,2018.2,5b7b01029513a60408ac2c14,58.6,5.0,5.0,Prova 1 - Turma 1 AB,86.6,5.0,5.0,Prova 2 - Turma 1 AB,72.6,1,10,9,7,10,6,26,16,42,25,16
308,5bb02bf8651f042bb5d58257,20180031691.0,2018.2,5b7b1d779513a60408ac2d1a,26.6,2.0,5.0,Prova 1 - Turma 1 CD,50.0,2.0,2.0,Prova de Laboratório 2 : Turma 2A : 2019.1,38.3,0,3,3,2,1,8,8,9,17,8,9
309,5ca4b75db50b333d9c9163d9,20180031691.0,2019.1,5b7b1d779513a60408ac2d1a,41.66666666666666,3.0,3.0,Prova de Laboratório 1 : Turma 2A : 2019.1,50.0,2.0,2.0,Prova de Laboratório 2 : Turma 2A : 2019.1,45.83333333333333,0,3,3,2,1,8,8,9,17,8,9
310,5bb02bf8651f042bb5d58257,20180034639.0,2018.2,5b8457ae9513a60408ac3f07,10.0,4.0,5.0,Prova 1 - Turma 1 CD,0.0,5.0,5.0,Prova 2 Turma CD,5.0,0,12,13,18,12,9,43,21,64,35,18
311,5bb02bf8651f042bb5d58257,20180034639.0,2018.2,5b8457ae9513a60408ac3f07,10.0,4.0,5.0,Prova 1 - Turma 1 CD,100.0,2.0,2.0,Prova de Laboratório 2 : Turma 2D : 2019.1,55.0,1,12,13,18,12,9,43,21,64,35,18
312,5ca4b931b50b333d9c9163df,20180034639.0,2019.1,5b8457ae9513a60408ac3f07,66.66666666666667,3.0,3.0,Prova de Laboratório 1 : Turma 2D : 2019.1,0.0,5.0,5.0,Prova 2 Turma CD,33.333333333333336,0,12,13,18,12,9,43,21,64,35,18
313,5ca4b931b50b333d9c9163df,20180034639.0,2019.1,5b8457ae9513a60408ac3f07,66.66666666666667,3.0,3.0,Prova de Laboratório 1 : Turma 2D : 2019.1,100.0,2.0,2.0,Prova de Laboratório 2 : Turma 2D : 2019.1,83.33333333333334,1,12,13,18,12,9,43,21,64,35,18
314,5bb02bf8651f042bb5d58257,20180042677.0,2018.2,5b73a57d9513a60408ac25c2,69.0,5.0,5.0,Prova 1 - Turma 1 CD,100.0,5.0,5.0,Prova 2 Turma CD,84.5,1,8,8,10,9,3,26,12,38,26,12
315,5bb02bf8651f042bb5d58257,20180031477.0,2018.2,5b7b1d1d9513a60408ac2d0f,67.6,5.0,5.0,Prova 1 - Turma 1 CD,80.0,4.0,5.0,Prova 2 Turma CD,73.8,1,7,8,2,10,8,17,18,35,17,18
316,5bb02c38651f042bb5d5825b,20170184679.0,2018.2,5b738ec59513a60408ac25c1,40.0,5.0,5.0,Prova 1 - Turma 1 CD,25.0,3.0,5.0,Prova 2 Turma CD,32.5,0,9,6,5,3,2,20,5,25,20,5
317,5bb02c38651f042bb5d5825b,20180107566.0,2018.2,5b7aa1459513a60408ac2bcd,69.2,5.0,5.0,Prova 1 - Turma 1 CD,71.6,5.0,5.0,Prova 2 Turma CD,70.4,1,13,20,11,9,3,44,12,56,42,10
318,5bb02c38651f042bb5d5825b,20180029853.0,2018.2,5b7aea279513a60408ac2bf0,36.6,5.0,5.0,Prova 1 - Turma 1 CD,50.0,5.0,5.0,Prova 2 Turma CD,43.3,0,13,12,13,22,4,38,26,64,36,24
319,5bb02c38651f042bb5d5825b,20180032732.0,2018.2,5b7af3ea9513a60408ac2bf1,55.6,5.0,5.0,Prova 1 - Turma 1 CD,20.6,5.0,5.0,Prova 2 Turma CD,38.1,0,10,19,13,8,4,42,12,54,40,10
320,5bb02c38651f042bb5d5825b,20180034450.0,2018.2,5b7b1d439513a60408ac2d12,36.6,5.0,5.0,Prova 1 - Turma 1 CD,6.6,1.0,5.0,Prova 2 Turma CD,21.6,0,8,6,7,5,6,21,11,32,19,11
321,5bb02c38651f042bb5d5825b,20180109560.0,2018.2,5b7b1d449513a60408ac2d13,30.0,2.0,5.0,Prova 1 - Turma 1 CD,6.6,1.0,5.0,Prova 2 Turma CD,18.3,0,8,7,3,11,5,18,16,34,18,16
322,5bb02c38651f042bb5d5825b,20180094913.0,2018.2,5b7b1d529513a60408ac2d15,20.0,5.0,5.0,Prova 1 - Turma 1 CD,28.0,5.0,5.0,Prova 2 Turma CD,24.0,0,25,27,27,63,19,79,82,161,44,41
323,5bb02c38651f042bb5d5825b,20180106685.0,2018.2,5b7b1d569513a60408ac2d16,41.6,5.0,5.0,Prova 1 - Turma 1 CD,4.0,5.0,5.0,Prova 2 Turma CD,22.8,0,9,7,5,6,11,21,17,38,16,6
324,5bb02c38651f042bb5d5825b,20180035897.0,2018.2,5b7b1d6b9513a60408ac2d17,57.6,5.0,5.0,Prova 1 - Turma 1 CD,95.0,5.0,5.0,Prova 2 Turma CD,76.3,1,22,32,19,24,18,73,42,115,73,42
325,5bb02c38651f042bb5d5825b,20180037372.0,2018.2,5b7b1d6d9513a60408ac2d18,74.2,5.0,5.0,Prova 1 - Turma 1 CD,95.0,5.0,5.0,Prova 2 Turma CD,84.6,1,11,23,21,19,15,55,34,89,55,34
326,5ca4b75db50b333d9c9163d9,20180089118.0,2019.1,5c810ea023798d040d026d2b,33.333333333333336,3.0,3.0,Prova de Laboratório 1 : Turma 2A : 2019.1,50.0,2.0,2.0,Prova de Laboratório 2 : Turma 2A : 2019.1,41.66666666666667,0,9,14,5,4,11,28,15,43,27,15
327,5ca4b75db50b333d9c9163d9,20180043351.0,2019.1,5c6ed79a5dfd5a0403247b52,0.0,2.0,3.0,Prova de Laboratório 1 : Turma 2A : 2019.1,50.0,2.0,2.0,Prova de Laboratório 2 : Turma 2A : 2019.1,25.0,0,13,18,18,19,20,49,39,88,48,36
328,5ca4b75db50b333d9c9163d9,20190002924.0,2019.1,5c938f5023798d040d0282c2,66.66666666666667,3.0,3.0,Prova de Laboratório 1 : Turma 2B : 2019.1,75.0,2.0,2.0,Prova de Laboratório 2 : Turma 2A : 2019.1,70.83333333333334,1,5,5,6,2,6,16,8,24,16,8
329,5ca4b75db50b333d9c9163d9,20180156560.0,2019.1,5c6eb5f16551910408991088,100.0,3.0,3.0,Prova de Laboratório 1 : Turma 2A : 2019.1,100.0,2.0,2.0,Prova de Laboratório 2 : Turma 2A : 2019.1,100.0,1,23,14,17,20,16,54,36,90,54,36
330,5ca4b8ebb50b333d9c9163dd,20180031655.0,2019.1,5c8a414d23798d040d02748a,100.0,3.0,3.0,Prova de Laboratório 1 : Turma 2B : 2019.1,100.0,2.0,2.0,Prova de Laboratório 2 : Turma 2B : 2019.1,100.0,1,9,8,1,2,8,18,10,28,16,9
331,5ca4b8ebb50b333d9c9163dd,20180039715.0,2019.1,5c6dea436551910408991082,40.0,3.0,3.0,Prova de Laboratório 1 : Turma 2B : 2019.1,62.5,2.0,2.0,Prova de Laboratório 2 : Turma 2B : 2019.1,51.25,1,3,4,3,4,8,10,12,22,10,12
332,5ca4b90cb50b333d9c9163de,20180030255.0,2019.1,5c6ebee05dfd5a0403247b4c,11.0,3.0,3.0,Prova de Laboratório 1 : Turma 2A : 2019.1,50.0,2.0,2.0,Prova de Laboratório 2 : Turma 2A : 2019.1,30.5,0,12,6,14,7,12,32,19,51,26,18
333,5ca4b90cb50b333d9c9163de,20180109168.0,2019.1,5c8128fe23798d040d026d59,70.0,3.0,3.0,Prova de Laboratório 1 : Turma 2C : 2019.1,70.0,2.0,2.0,Prova de Laboratório 2 : Turma 2C : 2019.1,70.0,1,6,5,8,7,12,19,19,38,19,19
334,5ca4b90cb50b333d9c9163de,20180105982.0,2019.1,5c9397be23798d040d0282f9,0.0,3.0,3.0,Prova de Laboratório 1 : Turma 2A : 2019.1,75.0,2.0,2.0,Prova de Laboratório 2 : Turma 2A : 2019.1,37.5,0,7,7,3,8,10,17,18,35,17,18
335,5ca4b90cb50b333d9c9163de,20170117540.0,2019.1,5c93ad5e23798d040d028356,80.0,3.0,3.0,Prova de Laboratório 1 : Turma 2C : 2019.1,60.0,2.0,2.0,Prova de Laboratório 2 : Turma 2C : 2019.1,70.0,1,20,10,7,5,6,37,11,48,29,11
336,5ca4b90cb50b333d9c9163de,20180136343.0,2019.1,5ca0f4925fdecb040bb84266,0.0,3.0,3.0,Prova de Laboratório 1 : Turma 2C : 2019.1,100.0,2.0,2.0,Prova de Laboratório 2 : Turma 2D : 2019.1,50.0,1,6,4,17,7,9,27,16,43,8,15
337,5ca4b90cb50b333d9c9163de,20180087973.0,2019.1,5c77f8f17776520411e9b011,33.333333333333336,2.0,3.0,Prova de Laboratório 1 : Turma 2C : 2019.1,100.0,2.0,2.0,Prova de Laboratório 2 : Turma 2C : 2019.1,66.66666666666667,1,6,4,3,6,11,13,17,30,13,17
338,5ca4b90cb50b333d9c9163de,20180039653.0,2019.1,5c812b2023798d040d026d62,66.66666666666667,2.0,3.0,Prova de Laboratório 1 : Turma 2C : 2019.1,100.0,2.0,2.0,Prova de Laboratório 2 : Turma 2C : 2019.1,83.33333333333334,1,10,10,6,9,8,26,17,43,26,16
339,5ca4b90cb50b333d9c9163de,20180136503.0,2019.1,5c6eca8b5dfd5a0403247b4f,33.333333333333336,3.0,3.0,Prova de Laboratório 1 : Turma 2C : 2019.1,100.0,2.0,2.0,Prova de Laboratório 2 : Turma 2C : 2019.1,66.66666666666667,1,8,7,5,7,11,20,18,38,11,17
340,5ca4b931b50b333d9c9163df,20180041393.0,2019.1,5c77f8317776520411e9affe,33.333333333333336,1.0,3.0,Prova de Laboratório 1 : Turma 2D : 2019.1,0.0,0.0,0.0,0,16.666666666666668,0,6,8,14,4,8,28,12,40,24,7
341,5ca4b931b50b333d9c9163df,20180038450.0,2019.1,5c77feb27776520411e9b02d,66.66666666666667,2.0,3.0,Prova de Laboratório 1 : Turma 2D : 2019.1,100.0,2.0,2.0,Prova de Laboratório 2 : Turma 2D : 2019.1,83.33333333333334,1,4,6,5,9,10,15,19,34,11,13
342,5ca4b931b50b333d9c9163df,20190078833.0,2019.1,5c78145f7776520411e9b037,66.66666666666667,3.0,3.0,Prova de Laboratório 1 : Turma 2D : 2019.1,100.0,2.0,2.0,Prova de Laboratório 2 : Turma 2D : 2019.1,83.33333333333334,1,3,8,12,8,12,23,20,43,17,18
343,5ca4b931b50b333d9c9163df,20180032634.0,2019.1,5c7c29ea23798d040d026b37,88.66666666666669,3.0,3.0,Prova de Laboratório 1 : Turma 2D : 2019.1,100.0,2.0,2.0,Prova de Laboratório 2 : Turma 2D : 2019.1,94.33333333333334,1,10,10,11,9,6,31,15,46,29,15
344,5ca4b931b50b333d9c9163df,20170037430.0,2019.1,5c8a915023798d040d0276f6,66.66666666666667,2.0,3.0,Prova de Laboratório 1 : Turma 2D : 2019.1,75.0,2.0,2.0,Prova de Laboratório 2 : Turma 2D : 2019.1,70.83333333333334,1,7,9,7,9,9,23,18,41,23,18
345,5ca4ca08b50b333d9c9163fa,20180036894.0,2019.1,5c7538f47776520411e9ad38,65.0,3.0,3.0,Prova 1 - Turma 01C - 2019.1,64.33333333333333,3.0,3.0,Prova 2 - Turma 01A - 2019.1,64.66666666666666,1,9,5,7,7,3,21,10,31,17,10
346,5ca4ca08b50b333d9c9163fa,20180135480.0,2019.1,5c750c3e7776520411e9ad10,8.333333333333334,3.0,3.0,Prova 1 - Turma 01A - 2019.1,66.66666666666667,3.0,3.0,Prova 2 - Turma 01A - 2019.1,37.5,0,3,6,1,4,3,10,7,17,8,7
347,5ca4ca08b50b333d9c9163fa,20180110561.0,2019.1,5c7538807776520411e9ad1d,75.0,3.0,3.0,Prova 1 - Turma 01A - 2019.1,86.66666666666669,3.0,3.0,Prova 2 - Turma 01A - 2019.1,80.83333333333334,1,10,13,10,10,8,33,18,51,33,18
348,5ca4ca08b50b333d9c9163fa,20180109785.0,2019.1,5c7538887776520411e9ad1f,15.0,3.0,3.0,Prova 1 - Turma 01A - 2019.1,0.0,3.0,3.0,Prova 2 - Turma 01A - 2019.1,7.5,0,8,7,3,3,2,18,5,23,18,5
349,5ca4ca08b50b333d9c9163fa,20180134723.0,2019.1,5c7538907776520411e9ad21,15.0,3.0,3.0,Prova 1 - Turma 01A - 2019.1,46.66666666666666,3.0,3.0,Prova 2 - Turma 01B - 2019.1,30.83333333333333,0,4,4,8,3,1,16,4,20,14,4
350,5ca4ca08b50b333d9c9163fa,20180134723.0,2019.1,5c7538907776520411e9ad21,15.0,3.0,3.0,Prova 1 - Turma 01A - 2019.1,46.66666666666666,3.0,3.0,Prova 2 - Turma 01B - 2019.1,30.83333333333333,0,4,4,8,3,1,16,4,20,14,4
351,5ca4ca49b50b333d9c9163fc,20180134723.0,2019.1,5c7538907776520411e9ad21,15.0,3.0,3.0,Prova 1 - Turma 01A - 2019.1,46.66666666666666,3.0,3.0,Prova 2 - Turma 01B - 2019.1,30.83333333333333,0,4,4,8,3,1,16,4,20,14,4
352,5ca4ca49b50b333d9c9163fc,20180134723.0,2019.1,5c7538907776520411e9ad21,15.0,3.0,3.0,Prova 1 - Turma 01A - 2019.1,46.66666666666666,3.0,3.0,Prova 2 - Turma 01B - 2019.1,30.83333333333333,0,4,4,8,3,1,16,4,20,14,4
353,5ca4ca08b50b333d9c9163fa,20180038736.0,2019.1,5c7538967776520411e9ad22,0.0,3.0,3.0,Prova 1 - Turma 01A - 2019.1,53.33333333333334,3.0,3.0,Prova 2 - Turma 01A - 2019.1,26.66666666666667,0,6,3,2,8,11,11,19,30,11,19
354,5ca4ca08b50b333d9c9163fa,20180110089.0,2019.1,5c7538997776520411e9ad23,0.0,2.0,3.0,Prova 1 - Turma 01A - 2019.1,0.0,3.0,3.0,Prova 2 - Turma 01A - 2019.1,0.0,0,9,8,2,3,4,19,7,26,19,5
355,5ca4ca08b50b333d9c9163fa,20180135435.0,2019.1,5c7538a37776520411e9ad24,33.333333333333336,3.0,3.0,Prova 1 - Turma 01A - 2019.1,48.66666666666666,3.0,3.0,Prova 2 - Turma 01A - 2019.1,41.0,0,7,4,3,3,3,14,6,20,11,6
356,5ca4ca08b50b333d9c9163fa,20180134732.0,2019.1,5c7538a87776520411e9ad26,0.0,3.0,3.0,Prova 1 - Turma 01A - 2019.1,0.0,3.0,3.0,Prova 2 - Turma 01A - 2019.1,0.0,0,8,4,7,3,3,19,6,25,19,6
357,5ca4ca08b50b333d9c9163fa,20180106980.0,2019.1,5c7538b17776520411e9ad27,41.66666666666666,3.0,3.0,Prova 1 - Turma 01A - 2019.1,66.66666666666667,3.0,3.0,Prova 2 - Turma 01A - 2019.1,54.166666666666664,1,6,3,5,2,7,14,9,23,11,9
358,5ca4ca08b50b333d9c9163fa,20180130466.0,2019.1,5c7538b47776520411e9ad28,58.33333333333334,3.0,3.0,Prova 1 - Turma 01A - 2019.1,91.66666666666669,3.0,3.0,Prova 2 - Turma 01B - 2019.1,75.00000000000001,1,8,10,11,12,6,29,18,47,24,18
359,5ca4ca08b50b333d9c9163fa,20180135014.0,2019.1,5c7538cf7776520411e9ad2c,93.33333333333331,3.0,3.0,Prova 1 - Turma 01A - 2019.1,93.33333333333331,3.0,3.0,Prova 2 - Turma 01A - 2019.1,93.33333333333331,1,15,5,4,2,3,24,5,29,20,5
360,5ca4ca08b50b333d9c9163fa,20180109720.0,2019.1,5c7538d07776520411e9ad2d,41.66666666666666,3.0,3.0,Prova 1 - Turma 01A - 2019.1,73.33333333333333,3.0,3.0,Prova 2 - Turma 01A - 2019.1,57.49999999999999,1,7,6,4,7,9,17,16,33,14,13
361,5ca4ca08b50b333d9c9163fa,20180038217.0,2019.1,5c7538e37776520411e9ad2e,100.0,3.0,3.0,Prova 1 - Turma 01A - 2019.1,100.0,3.0,3.0,Prova 2 - Turma 01A - 2019.1,100.0,1,7,4,5,9,2,16,11,27,16,11
362,5ca4ca08b50b333d9c9163fa,20180134840.0,2019.1,5c753e217776520411e9ada6,75.0,3.0,3.0,Prova 1 - Turma 01A - 2019.1,46.66666666666666,3.0,3.0,Prova 2 - Turma 01A - 2019.1,60.83333333333333,1,4,10,5,5,5,19,10,29,19,10
363,5ca4ca08b50b333d9c9163fa,20180109909.0,2019.1,5c77e6787776520411e9afd7,8.333333333333334,3.0,3.0,Prova 1 - Turma 01A - 2019.1,0.0,3.0,3.0,Prova 2 - Turma 01A - 2019.1,4.166666666666667,0,16,10,7,3,4,33,7,40,16,6
364,5ca4ca08b50b333d9c9163fa,20180146410.0,2019.1,5c879f1523798d040d026f54,0.0,3.0,3.0,Prova 1 - Turma 01A - 2019.1,0.0,3.0,3.0,Prova 2 - Turma 01A - 2019.1,0.0,0,6,10,1,4,3,17,7,24,12,6
365,5ca4ca08b50b333d9c9163fa,20180135720.0,2019.1,5c90d91123798d040d027adb,8.333333333333334,3.0,3.0,Prova 1 - Turma 01A - 2019.1,0.0,2.0,3.0,Prova 2 - Turma 01A - 2019.1,4.166666666666667,0,3,10,6,5,6,19,11,30,18,11
366,5ca4ca08b50b333d9c9163fa,20180135112.0,2019.1,5c90f03e23798d040d027cba,8.333333333333334,3.0,3.0,Prova 1 - Turma 01A - 2019.1,6.666666666666668,3.0,3.0,Prova 2 - Turma 01A - 2019.1,7.500000000000001,0,2,3,3,4,3,8,7,15,8,7
367,5ca4ca08b50b333d9c9163fa,20180134830.0,2019.1,5c7538c77776520411e9ad29,100.0,3.0,3.0,Prova 1 - Turma 01A - 2019.1,100.0,3.0,3.0,Prova 2 - Turma 01A - 2019.1,100.0,1,7,10,7,4,5,24,9,33,21,9
368,5ca4ca24b50b333d9c9163fb,20180032090.0,2019.1,5c9a35255fdecb040bb831d4,33.333333333333336,3.0,3.0,Prova 1 - Turma 01D - 2019.1,66.66666666666667,3.0,3.0,Prova 2 - Turma 01D - 2019.1,50.0,1,4,6,2,3,5,12,8,20,10,8
369,5ca4ca24b50b333d9c9163fb,20180094691.0,2019.1,5c9a2e3c5fdecb040bb8313c,100.0,3.0,3.0,Prova 1 - Turma 01D - 2019.1,100.0,3.0,3.0,Prova 2 - Turma 01D - 2019.1,100.0,1,12,14,12,7,13,38,20,58,36,18
370,5ca4ca24b50b333d9c9163fb,20180106460.0,2019.1,5c87bba723798d040d027080,66.66666666666667,3.0,3.0,Prova 1 - Turma 01D - 2019.1,66.66666666666667,3.0,3.0,Prova 2 - Turma 01D - 2019.1,66.66666666666667,1,5,6,6,3,5,17,8,25,17,8
371,5ca4ca24b50b333d9c9163fb,20180156542.0,2019.1,5c87bb7623798d040d02707f,15.0,3.0,3.0,Prova 1 - Turma 01D - 2019.1,100.0,3.0,3.0,Prova 2 - Turma 01D - 2019.1,57.5,1,13,13,7,9,2,33,11,44,33,11
372,5ca4ca24b50b333d9c9163fb,20180030872.0,2019.1,5c7553217776520411e9ade6,41.66666666666666,3.0,3.0,Prova 1 - Turma 01C - 2019.1,100.0,3.0,3.0,Prova 2 - Turma 01D - 2019.1,70.83333333333333,1,5,4,3,2,3,12,5,17,12,5
373,5ca4ca24b50b333d9c9163fb,20180135382.0,2019.1,5c7551407776520411e9adbf,33.333333333333336,3.0,3.0,Prova 1 - Turma 01D - 2019.1,66.66666666666667,3.0,3.0,Prova 2 - Turma 01D - 2019.1,50.0,1,7,6,5,6,9,18,15,33,18,15
374,5ca4ca24b50b333d9c9163fb,20180146386.0,2019.1,5c75515a7776520411e9adc3,100.0,3.0,3.0,Prova 1 - Turma 01D - 2019.1,100.0,3.0,3.0,Prova 2 - Turma 01D - 2019.1,100.0,1,8,11,2,9,7,21,16,37,14,16
375,5ca4ca24b50b333d9c9163fb,20180030219.0,2019.1,5c7551967776520411e9adca,41.66666666666666,3.0,3.0,Prova 1 - Turma 01D - 2019.1,50.0,3.0,3.0,Prova 2 - Turma 01C - 2019.1,45.83333333333333,0,7,4,1,4,2,12,6,18,12,6
376,5ca4ca24b50b333d9c9163fb,20180110507.0,2019.1,5c7556f97776520411e9ae3c,100.0,3.0,3.0,Prova 1 - Turma 01D - 2019.1,100.0,3.0,3.0,Prova 2 - Turma 01D - 2019.1,100.0,1,6,5,5,3,4,16,7,23,16,7
377,5ca4ca24b50b333d9c9163fb,20180031851.0,2019.1,5c7570917776520411e9ae8e,33.333333333333336,3.0,3.0,Prova 1 - Turma 01D - 2019.1,0.0,3.0,3.0,Prova 2 - Turma 01D - 2019.1,16.666666666666668,0,2,9,3,6,4,14,10,24,14,10
378,5ca4ca24b50b333d9c9163fb,20180146340.0,2019.1,5c791a2e7776520411e9b11c,100.0,3.0,3.0,Prova 1 - Turma 01D - 2019.1,100.0,3.0,3.0,Prova 2 - Turma 01D - 2019.1,100.0,1,13,14,7,9,13,34,22,56,33,22
379,5ca4ca24b50b333d9c9163fb,20180156631.0,2019.1,5c85b05323798d040d026f1d,100.0,3.0,3.0,Prova 1 - Turma 01D - 2019.1,100.0,3.0,3.0,Prova 2 - Turma 01D - 2019.1,100.0,1,15,14,17,19,14,46,33,79,44,32
380,5ca4ca24b50b333d9c9163fb,20180146312.0,2019.1,5c87ba3d23798d040d027073,100.0,3.0,3.0,Prova 1 - Turma 01D - 2019.1,100.0,3.0,3.0,Prova 2 - Turma 01D - 2019.1,100.0,1,9,6,8,5,7,23,12,35,22,9
381,5ca4ca24b50b333d9c9163fb,20180108124.0,2019.1,5c87ba6f23798d040d027074,46.66666666666666,3.0,3.0,Prova 1 - Turma 01D - 2019.1,100.0,3.0,3.0,Prova 2 - Turma 01D - 2019.1,73.33333333333333,1,16,10,6,10,8,32,18,50,27,18
382,5ca4ca24b50b333d9c9163fb,20180032170.0,2019.1,5c87ba8523798d040d027075,100.0,3.0,3.0,Prova 1 - Turma 01D - 2019.1,100.0,3.0,3.0,Prova 2 - Turma 01D - 2019.1,100.0,1,18,12,9,9,7,39,16,55,39,16
383,5ca4ca24b50b333d9c9163fb,20180135408.0,2019.1,5c87bab923798d040d027077,33.333333333333336,2.0,3.0,Prova 1 - Turma 01D - 2019.1,0.0,3.0,3.0,Prova 2 - Turma 01D - 2019.1,16.666666666666668,0,8,5,7,5,5,20,10,30,20,10
384,5ca4ca24b50b333d9c9163fb,20180031735.0,2019.1,5c87bac623798d040d027078,100.0,3.0,3.0,Prova 1 - Turma 01D - 2019.1,100.0,3.0,3.0,Prova 2 - Turma 01D - 2019.1,100.0,1,8,5,27,4,2,40,6,46,14,6
385,5ca4ca24b50b333d9c9163fb,20180108760.0,2019.1,5c87bace23798d040d02707a,100.0,3.0,3.0,Prova 1 - Turma 01D - 2019.1,100.0,3.0,3.0,Prova 2 - Turma 01D - 2019.1,100.0,1,14,6,5,5,2,25,7,32,24,7
386,5ca4ca24b50b333d9c9163fb,20180107440.0,2019.1,5c87bad123798d040d02707b,100.0,3.0,3.0,Prova 1 - Turma 01D - 2019.1,100.0,3.0,3.0,Prova 2 - Turma 01D - 2019.1,100.0,1,8,5,7,6,8,20,14,34,20,14
387,5ca4ca24b50b333d9c9163fb,20180035716.0,2019.1,5c87bae423798d040d02707c,100.0,3.0,3.0,Prova 1 - Turma 01D - 2019.1,100.0,3.0,3.0,Prova 2 - Turma 01D - 2019.1,100.0,1,3,7,1,3,1,11,4,15,10,4
388,5ca4ca24b50b333d9c9163fb,20180033730.0,2019.1,5c87baf923798d040d02707e,100.0,3.0,3.0,Prova 1 - Turma 01D - 2019.1,100.0,3.0,3.0,Prova 2 - Turma 01D - 2019.1,100.0,1,7,7,4,5,5,18,10,28,18,10
389,5ca4ca49b50b333d9c9163fc,20180134779.0,2019.1,5c7538837776520411e9ad1e,33.333333333333336,3.0,3.0,Prova 1 - Turma 01B - 2019.1,38.333333333333336,3.0,3.0,Prova 2 - Turma 01B - 2019.1,35.833333333333336,0,13,9,6,6,9,28,15,43,22,15
390,5ca4ca49b50b333d9c9163fc,20180030934.0,2019.1,5b7b74f79513a60408ac2e10,33.333333333333336,2.0,3.0,Prova 1 - Turma 01B - 2019.1,13.333333333333336,2.0,3.0,Prova 2 - Turma 01B - 2019.1,23.333333333333336,0,8,6,5,8,6,19,14,33,19,10
391,5ca4ca49b50b333d9c9163fc,20180135640.0,2019.1,5c7538667776520411e9ad1b,73.33333333333333,3.0,3.0,Prova 1 - Turma 01B - 2019.1,83.33333333333333,3.0,3.0,Prova 2 - Turma 01B - 2019.1,78.33333333333333,1,10,3,4,4,5,17,9,26,13,9
392,5ca4ca49b50b333d9c9163fc,20180044054.0,2019.1,5c9ba4a55fdecb040bb8369d,66.66666666666667,3.0,3.0,Prova 1 - Turma 01B - 2019.1,13.333333333333336,2.0,3.0,Prova 2 - Turma 01B - 2019.1,40.0,0,4,4,8,3,4,16,7,23,16,7
393,5ca4ca49b50b333d9c9163fc,20180030371.0,2019.1,5c9a15e15fdecb040bb82ec2,44.33333333333334,3.0,3.0,Prova 1 - Turma 01B - 2019.1,13.333333333333336,3.0,3.0,Prova 2 - Turma 01B - 2019.1,28.83333333333334,0,7,4,4,4,7,15,11,26,15,11
394,5ca4ca49b50b333d9c9163fc,20180043692.0,2019.1,5c87b79c23798d040d02703a,66.66666666666667,2.0,3.0,Prova 1 - Turma 01B - 2019.1,16.666666666666668,1.0,3.0,Prova 2 - Turma 01B - 2019.1,41.66666666666667,0,5,3,6,2,7,14,9,23,13,9
395,5ca4ca49b50b333d9c9163fc,20180107181.0,2019.1,5c87a79223798d040d026fae,44.33333333333334,3.0,3.0,Prova 1 - Turma 01B - 2019.1,16.666666666666668,3.0,3.0,Prova 2 - Turma 01B - 2019.1,30.500000000000007,0,7,6,7,5,6,20,11,31,20,11
396,5ca4ca49b50b333d9c9163fc,20180110660.0,2019.1,5c87a6fc23798d040d026fac,66.66666666666667,2.0,3.0,Prova 1 - Turma 01B - 2019.1,66.66666666666667,3.0,3.0,Prova 2 - Turma 01B - 2019.1,66.66666666666667,1,11,7,6,5,8,24,13,37,24,13
397,5ca4ca49b50b333d9c9163fc,20180044036.0,2019.1,5c87a39923798d040d026f90,80.0,3.0,3.0,Prova 1 - Turma 01B - 2019.1,100.0,3.0,3.0,Prova 2 - Turma 01B - 2019.1,90.0,1,7,7,6,4,5,20,9,29,19,9
398,5ca4ca49b50b333d9c9163fc,20180029998.0,2019.1,5c87a2a223798d040d026f74,46.66666666666666,3.0,3.0,Prova 1 - Turma 01B - 2019.1,46.66666666666666,2.0,3.0,Prova 2 - Turma 01B - 2019.1,46.66666666666666,0,9,9,4,4,6,22,10,32,21,10
399,5ca4ca49b50b333d9c9163fc,20180108385.0,2019.1,5c87a6f423798d040d026fab,40.0,3.0,3.0,Prova 1 - Turma 01D - 2019.1,66.66666666666667,3.0,3.0,Prova 2 - Turma 01B - 2019.1,53.333333333333336,1,8,14,7,7,13,29,20,49,29,19
400,5ca4ca49b50b333d9c9163fc,20180135103.0,2019.1,5c879f8d23798d040d026f5a,44.33333333333334,3.0,3.0,Prova 1 - Turma 01B - 2019.1,66.66666666666667,2.0,3.0,Prova 2 - Turma 01B - 2019.1,55.50000000000001,1,12,6,14,8,9,32,17,49,32,17
401,5ca4ca49b50b333d9c9163fc,20180034479.0,2019.1,5c879f8a23798d040d026f59,66.66666666666667,3.0,3.0,Prova 1 - Turma 01B - 2019.1,100.0,3.0,3.0,Prova 2 - Turma 01B - 2019.1,83.33333333333334,1,12,8,5,8,5,25,13,38,25,13
402,5ca4ca49b50b333d9c9163fc,20180106282.0,2019.1,5c879f2823798d040d026f56,66.66666666666667,3.0,3.0,Prova 1 - Turma 01B - 2019.1,46.66666666666666,3.0,3.0,Prova 2 - Turma 01B - 2019.1,56.666666666666664,1,10,9,8,10,8,27,18,45,27,18
403,5ca4ca49b50b333d9c9163fc,20180109462.0,2019.1,5c879f1423798d040d026f53,86.66666666666669,3.0,3.0,Prova 1 - Turma 01B - 2019.1,91.66666666666669,3.0,3.0,Prova 2 - Turma 01B - 2019.1,89.16666666666669,1,9,9,5,4,7,23,11,34,22,11
404,5ca4ca49b50b333d9c9163fc,20180135542.0,2019.1,5c879f0223798d040d026f52,33.333333333333336,1.0,3.0,Prova 1 - Turma 01B - 2019.1,46.66666666666666,3.0,3.0,Prova 2 - Turma 01B - 2019.1,40.0,0,5,9,8,5,9,22,14,36,22,12
405,5ca4ca49b50b333d9c9163fc,20180135417.0,2019.1,5c879ef723798d040d026f51,66.66666666666667,3.0,3.0,Prova 1 - Turma 01B - 2019.1,83.33333333333333,3.0,3.0,Prova 2 - Turma 01B - 2019.1,75.0,1,14,9,9,6,5,32,11,43,29,11
406,5ca4ca49b50b333d9c9163fc,20180110866.0,2019.1,5c7539207776520411e9ad39,0.0,3.0,3.0,Prova 1 - Turma 01B - 2019.1,0.0,3.0,3.0,Prova 2 - Turma 01B - 2019.1,0.0,0,1,3,2,7,3,6,10,16,6,10
407,5ca4ca49b50b333d9c9163fc,20180036670.0,2019.1,5c7538cb7776520411e9ad2a,0.0,3.0,3.0,Prova 1 - Turma 01B - 2019.1,0.0,2.0,3.0,Prova 2 - Turma 01B - 2019.1,0.0,0,10,6,4,3,5,20,8,28,20,8
408,5ca4ca49b50b333d9c9163fc,20180034577.0,2019.1,5c87a2ac23798d040d026f75,86.66666666666669,3.0,3.0,Prova 1 - Turma 01B - 2019.1,63.33333333333334,3.0,3.0,Prova 2 - Turma 01B - 2019.1,75.00000000000001,1,5,7,5,5,5,17,10,27,17,10
409,5ca4ca49b50b333d9c9163fc,20180135631.0,2019.1,5c879f9223798d040d026f5b,44.33333333333334,3.0,3.0,Prova 1 - Turma 01B - 2019.1,66.66666666666667,3.0,3.0,Prova 2 - Turma 01B - 2019.1,55.50000000000001,1,5,8,13,7,5,26,12,38,25,11
410,5ca4ca68b50b333d9c9163fd,20180109266.0,2019.1,5c756fef7776520411e9ae8b,40.0,3.0,3.0,Prova 1 - Turma 01C - 2019.1,100.0,3.0,3.0,Prova 2 - Turma 01C - 2019.1,70.0,1,7,7,3,3,8,17,11,28,17,11
411,5ca4ca68b50b333d9c9163fd,20180030550.0,2019.1,5c851ad323798d040d026eb6,50.0,3.0,3.0,Prova 1 - Turma 01C - 2019.1,88.66666666666669,3.0,3.0,Prova 2 - Turma 01C - 2019.1,69.33333333333334,1,8,10,4,6,5,22,11,33,22,11
412,5ca4ca68b50b333d9c9163fd,20180088611.0,2019.1,5c87bac723798d040d027079,100.0,3.0,3.0,Prova 1 - Turma 01C - 2019.1,100.0,3.0,3.0,Prova 2 - Turma 01C - 2019.1,100.0,1,10,8,11,10,13,29,23,52,28,23
413,5ca4ca68b50b333d9c9163fd,20180031557.0,2019.1,5c87d3ac23798d040d027210,75.0,3.0,3.0,Prova 1 - Turma 01C - 2019.1,100.0,3.0,3.0,Prova 2 - Turma 01D - 2019.1,87.5,1,13,9,4,4,4,26,8,34,20,8
414,5ca4ca68b50b333d9c9163fd,20180106943.0,2019.1,5c95638323798d040d0285e0,75.0,3.0,3.0,Prova 1 - Turma 01C - 2019.1,100.0,3.0,3.0,Prova 2 - Turma 01C - 2019.1,87.5,1,6,15,8,14,12,29,26,55,22,18
415,5ca4ca68b50b333d9c9163fd,20180135785.0,2019.1,5c9cc3645fdecb040bb8399d,25.0,3.0,3.0,Prova 1 - Turma 01C - 2019.1,0.0,3.0,3.0,Prova 2 - Turma 01C - 2019.1,12.5,0,5,14,3,6,3,22,9,31,14,6
416,5ca4ca68b50b333d9c9163fd,20180135650.0,2019.1,5cb4bf795fdecb040bb88d7c,0.0,3.0,3.0,Prova 1 - Turma 01C - 2019.1,0.0,3.0,3.0,Prova 2 - Turma 01C - 2019.1,0.0,0,7,6,7,5,4,20,9,29,19,7
417,5ca4ca68b50b333d9c9163fd,20180037819.0,2019.1,5c75540e7776520411e9ae14,91.66666666666669,3.0,3.0,Prova 1 - Turma 01C - 2019.1,100.0,3.0,3.0,Prova 2 - Turma 01C - 2019.1,95.83333333333334,1,10,14,20,21,8,44,29,73,44,29
418,5ca4ca68b50b333d9c9163fd,20180146466.0,2019.1,5c7551c87776520411e9addc,41.66666666666666,3.0,3.0,Prova 1 - Turma 01C - 2019.1,77.66666666666667,3.0,3.0,Prova 2 - Turma 01D - 2019.1,59.666666666666664,1,10,6,9,11,19,25,30,55,25,27
419,5ca4ca68b50b333d9c9163fd,20180135551.0,2019.1,5c7552157776520411e9ade4,58.33333333333334,3.0,3.0,Prova 1 - Turma 01C - 2019.1,100.0,3.0,3.0,Prova 2 - Turma 01C - 2019.1,79.16666666666667,1,9,6,3,9,11,18,20,38,16,19
420,5ca4ca68b50b333d9c9163fd,20180107744.0,2019.1,5c7551827776520411e9adc8,91.66666666666669,3.0,3.0,Prova 1 - Turma 01C - 2019.1,83.33333333333333,3.0,3.0,Prova 2 - Turma 01C - 2019.1,87.5,1,13,14,7,11,5,34,16,50,34,16
421,5ca4ca68b50b333d9c9163fd,20180105964.0,2019.1,5c75516d7776520411e9adc4,50.0,3.0,3.0,Prova 1 - Turma 01C - 2019.1,100.0,3.0,3.0,Prova 2 - Turma 01C - 2019.1,75.0,1,12,8,3,5,5,23,10,33,21,10
422,5ca4ca68b50b333d9c9163fd,20180032975.0,2019.1,5c7551597776520411e9adc2,66.66666666666667,3.0,3.0,Prova 1 - Turma 01C - 2019.1,75.0,3.0,3.0,Prova 2 - Turma 01C - 2019.1,70.83333333333334,1,11,8,3,4,6,22,10,32,19,10
423,5ca4ca68b50b333d9c9163fd,20180030596.0,2019.1,5c7551547776520411e9adc1,91.66666666666669,3.0,3.0,Prova 1 - Turma 01C - 2019.1,83.33333333333333,3.0,3.0,Prova 2 - Turma 01C - 2019.1,87.5,1,12,13,10,10,11,35,21,56,34,21
424,5ca4ca68b50b333d9c9163fd,20180109426.0,2019.1,5c7551497776520411e9adc0,66.66666666666667,2.0,3.0,Prova 1 - Turma 01C - 2019.1,83.33333333333333,3.0,3.0,Prova 2 - Turma 01C - 2019.1,75.0,1,10,7,5,5,6,22,11,33,20,11
425,5ca4ca68b50b333d9c9163fd,20180136254.0,2019.1,5c7551837776520411e9adc9,58.33333333333334,3.0,3.0,Prova 1 - Turma 01C - 2019.1,55.33333333333334,3.0,3.0,Prova 2 - Turma 01C - 2019.1,56.83333333333334,1,7,4,4,4,4,15,8,23,15,8
426,5ca4ca68b50b333d9c9163fd,20180105848.0,2019.1,5c754dfb7776520411e9adb9,58.33333333333334,3.0,3.0,Prova 1 - Turma 01C - 2019.1,100.0,3.0,3.0,Prova 2 - Turma 01C - 2019.1,79.16666666666667,1,10,6,6,4,4,22,8,30,22,8
427,5ca4ca68b50b333d9c9163fd,20180108545.0,2019.1,5c75519a7776520411e9adcb,83.33333333333333,3.0,3.0,Prova 1 - Turma 01C - 2019.1,100.0,3.0,3.0,Prova 2 - Turma 01C - 2019.1,91.66666666666666,1,9,8,6,5,3,23,8,31,23,8
428,5ca4ca68b50b333d9c9163fd,20180107628.0,2019.1,5c7551a77776520411e9adcc,58.33333333333334,3.0,3.0,Prova 1 - Turma 01C - 2019.1,100.0,3.0,3.0,Prova 2 - Turma 01C - 2019.1,79.16666666666667,1,12,21,9,13,10,42,23,65,41,23
429,5ca4ca68b50b333d9c9163fd,20180134705.0,2019.1,5c7551b97776520411e9adcd,25.0,3.0,3.0,Prova 1 - Turma 01C - 2019.1,55.33333333333334,2.0,3.0,Prova 2 - Turma 01C - 2019.1,40.16666666666667,0,9,8,4,5,3,21,8,29,20,8
430,5ca4ca68b50b333d9c9163fd,20180031898.0,2019.1,5c7551ba7776520411e9adce,91.66666666666669,3.0,3.0,Prova 1 - Turma 01C - 2019.1,88.66666666666669,3.0,3.0,Prova 2 - Turma 01C - 2019.1,90.16666666666669,1,10,8,6,7,6,24,13,37,24,13
431,5ca4ca68b50b333d9c9163fd,20180146457.0,2019.1,5c7551c47776520411e9addb,41.66666666666666,3.0,3.0,Prova 1 - Turma 01C - 2019.1,100.0,3.0,3.0,Prova 2 - Turma 01C - 2019.1,70.83333333333333,1,7,10,10,6,8,27,14,41,24,14
432,5ca4ca68b50b333d9c9163fd,20180090834.0,2019.1,5c7551ce7776520411e9ade0,58.33333333333334,3.0,3.0,Prova 1 - Turma 01C - 2019.1,100.0,3.0,3.0,Prova 2 - Turma 01C - 2019.1,79.16666666666667,1,16,13,14,23,11,43,34,77,38,26
433,5ca4ca68b50b333d9c9163fd,20180105688.0,2019.1,5c75575b7776520411e9ae3d,75.0,3.0,3.0,Prova 1 - Turma 01C - 2019.1,100.0,3.0,3.0,Prova 2 - Turma 01C - 2019.1,87.5,1,13,14,11,18,10,38,28,66,38,28
434,5ccc918a651f045f0190f923,20180134714.0,2019.1,5c92357623798d040d0280cc,36.6,5.0,5.0,Prova 1 AD 2019-1,28.0,5.0,5.0,Prova 2- 2019.1 AB,32.3,0,7,20,7,10,3,34,13,47,32,11
435,5ccc918a651f045f0190f923,20180135426.0,2019.1,5c92359323798d040d0280ce,70.0,4.0,5.0,Prova 1 AD 2019-1,100.0,5.0,5.0,Prova 2- 2019.1 AB,85.0,1,9,21,5,4,6,35,10,45,35,10
436,5ccc918a651f045f0190f923,20180135506.0,2019.1,5c9235d823798d040d0280d0,5.0,1.0,5.0,Prova 1 AD 2019-1,20.0,5.0,5.0,Prova 2- 2019.1 AB,12.5,0,7,12,8,4,6,27,10,37,22,10
437,5ccc918a651f045f0190f923,20180134868.0,2019.1,5c9235e923798d040d0280d1,0.0,5.0,5.0,Prova 1 AD 2019-1,8.0,5.0,5.0,Prova 2- 2019.1 AB,4.0,0,4,11,8,6,4,23,10,33,14,10
438,5ccc918a651f045f0190f923,20180134699.0,2019.1,5c9c18e35fdecb040bb83861,17.2,4.0,5.0,Prova 1 CD 2019-1,0.0,3.0,5.0,Prova 2- 2019.1 AB,8.6,0,2,1,3,8,8,6,16,22,5,10
439,5ccc925d651f045f0190f92b,20180107341.0,2019.1,5c92492123798d040d0280f3,21.2,5.0,5.0,Prova 1 CD 2019-1,47.6,5.0,5.0,Prova 2- 2019.1 CD,34.4,0,8,16,5,9,12,29,21,50,24,18
440,5ccc925d651f045f0190f92b,20180036375.0,2019.1,5c92492523798d040d0280f4,13.2,4.0,5.0,Prova 1 CD 2019-1,59.6,5.0,5.0,Prova 2- 2019.1 CD,36.4,0,9,6,6,8,6,21,14,35,21,11
441,5ccc925d651f045f0190f92b,20180040411.0,2019.1,5c9248df23798d040d0280f1,0.0,2.0,5.0,Prova 1 CD 2019-1,46.6,5.0,5.0,Prova 2- 2019.1 CD,23.3,0,6,12,3,1,4,21,5,26,15,5
442,5ccc925d651f045f0190f92b,20180034871.0,2019.1,5c9248bb23798d040d0280eb,29.0,4.0,5.0,Prova 1 CD 2019-1,25.0,4.0,5.0,Prova 2- 2019.1 CD,27.0,0,5,11,3,5,3,19,8,27,19,8
443,5ccc925d651f045f0190f92b,20180030030.0,2019.1,5c9248af23798d040d0280e9,19.6,5.0,5.0,Prova 1 CD 2019-1,61.6,4.0,5.0,Prova 2- 2019.1 CD,40.6,0,6,6,8,5,15,20,20,40,19,18
444,5ccc925d651f045f0190f92b,20180134859.0,2019.1,5c92487f23798d040d0280e2,17.2,2.0,5.0,Prova 1 CD 2019-1,43.0,4.0,5.0,Prova 2- 2019.1 CD,30.1,0,4,12,5,5,10,21,15,36,17,15
445,5ccc925d651f045f0190f92b,20180042917.0,2019.1,5c9248c423798d040d0280ef,90.0,5.0,5.0,Prova 1 CD 2019-1,100.0,5.0,5.0,Prova 2- 2019.1 CD,95.0,1,5,19,14,18,6,38,24,62,38,24
446,5ccc947b651f045f0190f92f,20180107468.0,2019.1,5c9248df23798d040d0280f2,25.0,5.0,5.0,Prova 1 CD 2019-1,32.2,5.0,5.0,Prova 2- 2019.1 CD,28.6,0,6,17,4,4,2,27,6,33,24,6
447,5ccc947b651f045f0190f92f,20180035959.0,2019.1,5c92489823798d040d0280e6,38.2,5.0,5.0,Prova 1 CD 2019-1,59.6,5.0,5.0,Prova 2- 2019.1 CD,48.900000000000006,0,17,16,6,7,8,39,15,54,37,15
448,5ccc947b651f045f0190f92f,20180032572.0,2019.1,5c87bc4e23798d040d027084,20.0,4.0,5.0,Prova 1 CD 2019-1,41.6,5.0,5.0,Prova 2- 2019.1 CD,30.8,0,10,18,13,11,11,41,22,63,35,22
449,598e15296d8650eb27d52ea4,0.0,2017.2,5991cd3e8907ca2f441cd314,0.0,0.0,0.0,0,50.0,4.0,6.0,Prova 2 - Turma 01 - 2017.2,25.0,0,9,21,12,17,9,42,26,68,42,26
450,59c7cd0a2a9f7f114be244a5,0.0,2017.2,59c173647dff4829e043cdfb,0.0,0.0,0.0,0,78.2,5.0,5.0,Prova 2 - Turma 03 - 2017.2,39.1,0,2,9,9,27,23,20,50,70,20,49
451,59c7cd0a2a9f7f114be244a5,0.0,2017.2,59c173647dff4829e043cdfb,0.0,0.0,0.0,0,100.0,5.0,5.0,Segunda Prova,50.0,1,2,9,9,27,23,20,50,70,20,49
452,59c7cd0a2a9f7f114be244a5,0.0,2017.2,59c174927dff4829e043ce04,0.0,0.0,0.0,0,58.2,5.0,5.0,Prova 2 - Turma 03 - 2017.2,29.1,0,4,9,4,8,6,17,14,31,17,14
453,59c7cd0a2a9f7f114be244a5,0.0,2017.2,59c174927dff4829e043ce04,0.0,0.0,0.0,0,86.6,5.0,5.0,Segunda Prova,43.3,0,4,9,4,8,6,17,14,31,17,14
454,59c7cd0a2a9f7f114be244a5,0.0,2017.2,59c175197dff4829e043ce08,0.0,0.0,0.0,0,20.0,3.0,5.0,Prova 2 - Turma 03 - 2017.2,10.0,0,3,2,3,9,9,8,18,26,6,10
455,59c7cd0a2a9f7f114be244a5,0.0,2017.2,59c175197dff4829e043ce08,0.0,0.0,0.0,0,20.0,4.0,5.0,Segunda Prova,10.0,0,3,2,3,9,9,8,18,26,6,10
456,5ace8812651f040f4d666d9d,0.0,2018.1,5ab3c4e45524bd0669272dd5,0.0,0.0,0.0,0,62.5,2.0,2.0,Prova 2 - Lab - Lop - 2018.1 - Rummenigge e Aquiles,31.25,0,6,11,8,6,7,25,13,38,25,13
457,5ace8fe8651f040f4d666da2,0.0,2018.1,5acf504be1b024040e684789,0.0,0.0,0.0,0,50.0,2.0,2.0,Prova 2 Lab. LoP - 2018.1 Rummenigge,25.0,0,8,10,3,1,3,21,4,25,19,3
458,5ace93e5651f040f4d666da7,0.0,2018.1,5ab3ad765524bd0669272d53,0.0,0.0,0.0,0,90.0,2.0,2.0,Prova 2 Lab. LoP - 2018.1 Rummenigge,45.0,0,5,5,2,1,12,12,13,25,10,13
459,5ace93e5651f040f4d666da7,0.0,2018.1,59cad5fabece461121b32360,0.0,0.0,0.0,0,90.0,2.0,2.0,Prova 2 Lab. LoP - 2018.1 Rummenigge,45.0,0,3,11,4,1,1,18,2,20,18,2
460,5adffb9159a2a54c937079ee,0.0,2018.1,5aa9c1066a77db040b661090,0.0,0.0,0.0,0,80.0,4.0,5.0,Prova 2 - Turmas 3C e 3D - 2018.1,40.0,0,3,4,4,4,5,11,9,20,7,9
461,5ae079cd5c7ccb1a0c9f6043,0.0,2018.1,5abad4475524bd066927330c,0.0,0.0,0.0,0,20.0,2.0,5.0,Prova 02 - Turmas 3A e 3B - 2018.1,10.0,0,3,5,12,6,3,20,9,29,20,9
462,5b8037188d6212588658e570,0.0,2018.2,5b7964ce9513a60408ac2b1c,0.0,0.0,0.0,0,93.2,5.0,5.0,Prova 2 - Turma 1 AB,46.6,0,12,15,6,14,12,33,26,59,26,26
463,5bb02bf8651f042bb5d58257,0.0,2018.2,5b7b1d389513a60408ac2d10,0.0,0.0,0.0,0,0.0,5.0,5.0,Prova 2 Turma CD,0.0,0,5,10,1,1,3,16,4,20,10,3
464,5ca4b931b50b333d9c9163df,0.0,2019.1,5c77f58d7776520411e9aff4,0.0,0.0,0.0,0,100.0,2.0,2.0,Prova de Laboratório 2 : Turma 2D : 2019.1,50.0,1,6,15,16,10,6,37,16,53,35,16
465,5ccc925d651f045f0190f92b,0.0,2019.1,5c9248c023798d040d0280ec,0.0,0.0,0.0,0,29.6,4.0,5.0,Prova 2- 2019.1 CD,14.8,0,5,18,3,6,3,26,9,35,26,9
